runA	runB	studyA	studyB	nameA	nameB	relation	prior	stat_identical	suppA	suppB	topA	verdict
ERR1199118	ERR1654687	PRJEB11460	PRJEB15463	Mycobacterium tuberculosis	Mycobacterium tuberculosis complex sp.	same_genus	EXACT_md5	True	0.0333	None	[('Mycobacterium tuberculosis', 3.3), ('Mycobacterium canettii', 0.1), ('Mycobacterium bovis', 0.0)]	species-level reads support A only
ERR1654687	ERR2707108	PRJEB15463	PRJEB27847	Mycobacterium tuberculosis complex sp.	Mycobacterium tuberculosis	same_genus	EXACT_md5	False	None	0.0333	[('Mycobacterium tuberculosis', 3.3), ('Mycobacterium canettii', 0.1), ('Mycobacterium bovis', 0.0)]	species-level reads support B only
ERR1199119	ERR1654708	PRJEB11460	PRJEB15463	Mycobacterium tuberculosis	Mycobacterium tuberculosis complex sp.	same_genus	EXACT_md5	True	0.0316	None	[('Mycobacterium tuberculosis', 3.2), ('Mycobacterium canettii', 0.1), ('Mycobacterium bovis', 0.0)]	species-level reads support A only
ERR1654708	ERR2707226	PRJEB15463	PRJEB27847	Mycobacterium tuberculosis complex sp.	Mycobacterium tuberculosis	same_genus	EXACT_md5	False	None	0.0316	[('Mycobacterium tuberculosis', 3.2), ('Mycobacterium canettii', 0.1), ('Mycobacterium bovis', 0.0)]	species-level reads support B only
ERR1465879	ERR552490	PRJEB11460	PRJEB9680	Mycobacterium tuberculosis	Mycobacterium tuberculosis complex sp.	same_genus	EXACT_md5	True	0.0308	None	[('Mycobacterium tuberculosis', 3.1), ('Mycobacterium canettii', 0.1), ('Mycobacterium bovis', 0.0)]	species-level reads support A only
ERR1465850	ERR552904	PRJEB11460	PRJEB9680	Mycobacterium tuberculosis	Mycobacterium tuberculosis complex sp.	same_genus	EXACT_md5	True	0.0327	None	[('Mycobacterium tuberculosis', 3.3), ('Mycobacterium canettii', 0.0), ('Homo sapiens', 0.0)]	species-level reads support A only
ERR990696	ERR993540	PRJEB10578	PRJEB10590	Bacteria aborigena	Bacteria ambigua	same_genus	EXACT_md5	True	0.0	0.0	[('Clostridium sp. CL-2', 1.9), ('Streptococcus thermophilus', 0.2), ('Slackia piriformis', 0.1)]	species-level reads support neither
ERR1654664	ERR2707012	PRJEB15463	PRJEB27847	Mycobacterium tuberculosis complex sp.	Mycobacterium tuberculosis	same_genus	EXACT_md5	False	None	0.0355	[('Mycobacterium tuberculosis', 3.6), ('Mycobacterium canettii', 0.1), ('Mycobacterium chimaera', 0.0)]	species-level reads support B only
ERR1465846	ERR551368	PRJEB11460	PRJEB9680	Mycobacterium tuberculosis	Mycobacterium tuberculosis complex sp.	same_genus	EXACT_md5	True	0.0294	None	[('Mycobacterium tuberculosis', 2.9), ('Mycobacterium canettii', 0.0), ('Mycobacterium bovis', 0.0)]	species-level reads support A only
ERR1199105	ERR1654666	PRJEB11460	PRJEB15463	Mycobacterium tuberculosis	Mycobacterium tuberculosis complex sp.	same_genus	EXACT_md5	True	0.0332	None	[('Mycobacterium tuberculosis', 3.3), ('Mycobacterium canettii', 0.1), ('Mycobacterium bovis', 0.0)]	species-level reads support A only
ERR1654666	ERR2707020	PRJEB15463	PRJEB27847	Mycobacterium tuberculosis complex sp.	Mycobacterium tuberculosis	same_genus	EXACT_md5	False	None	0.0332	[('Mycobacterium tuberculosis', 3.3), ('Mycobacterium canettii', 0.1), ('Mycobacterium bovis', 0.0)]	species-level reads support B only
ERR571287	ERR842802	PRJEB6874	PRJEB9004	uncultured methanogenic archaeon	uncultured archaeon	same_genus	EXACT_md5	True	None	None	None	untestable (no species-level claim on either side)
ERR1199109	ERR1654659	PRJEB11460	PRJEB15463	Mycobacterium tuberculosis	Mycobacterium tuberculosis complex sp.	same_genus	EXACT_md5	True	0.0337	None	[('Mycobacterium tuberculosis', 3.4), ('Mycobacterium canettii', 0.1), ('Mycobacterium bovis', 0.0)]	species-level reads support A only
ERR1654659	ERR2706975	PRJEB15463	PRJEB27847	Mycobacterium tuberculosis complex sp.	Mycobacterium tuberculosis	same_genus	EXACT_md5	False	None	0.0337	[('Mycobacterium tuberculosis', 3.4), ('Mycobacterium canettii', 0.1), ('Mycobacterium bovis', 0.0)]	species-level reads support B only
ERR2209589	ERR2213558	PRJEB23728	PRJEB23778	Salmonella enterica	Escherichia coli	same_higher_depth6	EXACT_md5	False	0.0003	0.1579	[('Escherichia coli', 15.8), ('Salmonella enterica', 0.0), ('Pseudocitrobacter faecalis', 0.0)]	species-level reads support B only
ERR1347770	ERR1543591	PRJEB13242	PRJEB14753	Mus musculus	Homo sapiens	same_higher_depth9	EXACT_md5	True	0.9492	0.0001	[('Mus musculus', 94.9), ('Homo sapiens', 0.0), ('Acidianus bottle-shaped virus', 0.0)]	species-level reads support A only
ERR957235	ERR993600	PRJEB9815	PRJEB10590	Bacteria aborigena	Bacteria ambigua	same_genus	EXACT_md5	True	0.0	0.0	[('Ruminococcus sp. HUN007', 0.0), ('Adlercreutzia equolifaciens', 0.0), ('Collinsella sp. MS5', 0.0)]	species-level reads support neither
ERR1347773	ERR1543594	PRJEB13242	PRJEB14753	Mus musculus	Homo sapiens	same_higher_depth9	EXACT_md5	True	0.9567	0.0	[('Mus musculus', 95.7), ('Homo sapiens', 0.0), ('Stenotrophomonas maltophilia', 0.0)]	species-level reads support A only
ERR1654691	ERR2707127	PRJEB15463	PRJEB27847	Mycobacterium tuberculosis complex sp.	Mycobacterium tuberculosis	same_genus	EXACT_md5	False	None	0.0383	[('Mycobacterium tuberculosis', 3.8), ('Mycobacterium canettii', 0.1), ('Mycobacterium bovis', 0.0)]	species-level reads support B only
ERR1465876	ERR552587	PRJEB11460	PRJEB9680	Mycobacterium tuberculosis	Mycobacterium tuberculosis complex sp.	same_genus	EXACT_md5	True	0.0301	None	[('Mycobacterium tuberculosis', 3.0), ('Mycobacterium canettii', 0.0), ('Mycobacterium bovis', 0.0)]	species-level reads support A only
ERR2013703	ERR3499115	PRJEB21445	PRJEB33681	Rattus norvegicus	Mus musculus	same_higher_depth15	EXACT_md5	False	0.0	0.0	[('Streptococcus pneumoniae', 4.0), ('Parabacteroides sp. YL27', 2.1), ('Lachnospiraceae bacterium COE1', 0.2)]	species-level reads support neither
ERR1465883	ERR552656	PRJEB11460	PRJEB9680	Mycobacterium tuberculosis	Mycobacterium tuberculosis complex sp.	same_genus	EXACT_md5	True	0.0313	None	[('Mycobacterium tuberculosis', 3.1), ('Mycobacterium canettii', 0.0), ('Homo sapiens', 0.0)]	species-level reads support A only
ERR1465847	ERR551271	PRJEB11460	PRJEB9680	Mycobacterium tuberculosis	Mycobacterium tuberculosis complex sp.	same_genus	EXACT_md5	True	0.0316	None	[('Mycobacterium tuberculosis', 3.2), ('Mycobacterium canettii', 0.0), ('Mycobacterium bovis', 0.0)]	species-level reads support A only
ERR1347772	ERR1543593	PRJEB13242	PRJEB14753	Mus musculus	Homo sapiens	same_higher_depth9	EXACT_md5	False	0.9241	0.0	[('Mus musculus', 92.4), ('Mesocricetus auratus', 0.0), ('Microtus ochrogaster', 0.0)]	species-level reads support A only
ERR1654700	ERR2707188	PRJEB15463	PRJEB27847	Mycobacterium tuberculosis complex sp.	Mycobacterium tuberculosis	same_genus	EXACT_md5	False	None	0.0381	[('Mycobacterium tuberculosis', 3.8), ('Mycobacterium canettii', 0.1), ('Mycobacterium bovis', 0.0)]	species-level reads support B only
ERR957239	ERR993560	PRJEB9815	PRJEB10590	Bacteria aborigena	Bacteria ambigua	same_genus	EXACT_md5	True	0.0	0.0	[('Streptococcus thermophilus', 6.9), ('Clostridium sp. SS2/1', 0.8), ('Lachnospiraceae bacterium 1_4_56FAA', 0.0)]	species-level reads support neither
ERR1199108	ERR1654696	PRJEB11460	PRJEB15463	Mycobacterium tuberculosis	Mycobacterium tuberculosis complex sp.	same_genus	EXACT_md5	True	0.0386	None	[('Mycobacterium tuberculosis', 3.9), ('Mycobacterium canettii', 0.1), ('Mycobacterium bovis', 0.0)]	species-level reads support A only
ERR1654696	ERR2707161	PRJEB15463	PRJEB27847	Mycobacterium tuberculosis complex sp.	Mycobacterium tuberculosis	same_genus	EXACT_md5	False	None	0.0386	[('Mycobacterium tuberculosis', 3.9), ('Mycobacterium canettii', 0.1), ('Mycobacterium bovis', 0.0)]	species-level reads support B only
ERR1347768	ERR1543589	PRJEB13242	PRJEB14753	Mus musculus	Homo sapiens	same_higher_depth9	EXACT_md5	True	0.9322	0.0	[('Mus musculus', 93.2), ('Pseudorhodoferax sp. Leaf267', 0.0)]	species-level reads support A only
ERR1654679	ERR2707076	PRJEB15463	PRJEB27847	Mycobacterium tuberculosis complex sp.	Mycobacterium tuberculosis	same_genus	EXACT_md5	False	None	0.0349	[('Mycobacterium tuberculosis', 3.5), ('Mycobacterium canettii', 0.1), ('Mycobacterium bovis', 0.0)]	species-level reads support B only
ERR841743	ERR860899	PRJEB9004	PRJEB9112	uncultured archaeon	uncultured fungus	same_genus	EXACT_md5	True	None	None	[('Sarocladium kiliense', 76.9), ('Pleurostoma ochraceum', 0.0), ('Methanogenium cariaci', 0.0)]	untestable (no species-level claim on either side)
ERR990703	ERR993546	PRJEB10578	PRJEB10590	Bacteria aborigena	Bacteria ambigua	same_genus	EXACT_md5	True	0.0	0.0	[('Succinivibrio dextrinosolvens', 17.9), ('Elusimicrobium minutum', 1.2), ('Allofustis seminis', 0.1)]	species-level reads support neither
ERR1465728	ERR550802	PRJEB11460	PRJEB9680	Mycobacterium tuberculosis	Mycobacterium tuberculosis complex sp.	same_genus	EXACT_md5	True	0.0304	None	[('Mycobacterium tuberculosis', 3.0), ('Mycobacterium canettii', 0.0), ('Mycobacterium bovis', 0.0)]	species-level reads support A only
ERR957233	ERR993558	PRJEB9815	PRJEB10590	Bacteria aborigena	Bacteria ambigua	same_genus	EXACT_md5	True	0.0	0.0	[('Streptococcus thermophilus', 0.3), ('Adlercreutzia equolifaciens', 0.2), ('Anaerofustis stercorihominis', 0.0)]	species-level reads support neither
ERR1199099	ERR1654670	PRJEB11460	PRJEB15463	Mycobacterium tuberculosis	Mycobacterium tuberculosis complex sp.	same_genus	EXACT_md5	True	0.0378	None	[('Mycobacterium tuberculosis', 3.8), ('Mycobacterium canettii', 0.1), ('Mycobacterium bovis', 0.0)]	species-level reads support A only
ERR1654670	ERR2707038	PRJEB15463	PRJEB27847	Mycobacterium tuberculosis complex sp.	Mycobacterium tuberculosis	same_genus	EXACT_md5	False	None	0.0378	[('Mycobacterium tuberculosis', 3.8), ('Mycobacterium canettii', 0.1), ('Mycobacterium bovis', 0.0)]	species-level reads support B only
ERR842800	ERR843264	PRJEB9004	PRJEB9031	uncultured archaeon	uncultured bacterium	same_genus	EXACT_md5	True	None	None	[('Desulfovibrio vulgaris', 42.9), ('Methanoregula boonei', 42.9)]	untestable (no species-level claim on either side)
ERR1199102	ERR1654655	PRJEB11460	PRJEB15463	Mycobacterium tuberculosis	Mycobacterium tuberculosis complex sp.	same_genus	EXACT_md5	True	0.0354	None	[('Mycobacterium tuberculosis', 3.5), ('Mycobacterium canettii', 0.1), ('Mycobacterium africanum', 0.0)]	species-level reads support A only
ERR1654655	ERR2706959	PRJEB15463	PRJEB27847	Mycobacterium tuberculosis complex sp.	Mycobacterium tuberculosis	same_genus	EXACT_md5	False	None	0.0354	[('Mycobacterium tuberculosis', 3.5), ('Mycobacterium canettii', 0.1), ('Mycobacterium africanum', 0.0)]	species-level reads support B only
ERR957229	ERR993556	PRJEB9815	PRJEB10590	Bacteria aborigena	Bacteria ambigua	same_genus	EXACT_md5	True	0.0	0.0	[('Collinsella aerofaciens', 14.7), ('Fusicatenibacter saccharivorans', 8.7), ('Romboutsia timonensis', 4.0)]	species-level reads support neither
ERR1465886	ERR551115	PRJEB11460	PRJEB9680	Mycobacterium tuberculosis	Mycobacterium tuberculosis complex sp.	same_genus	EXACT_md5	False	0.0301	None	[('Mycobacterium tuberculosis', 3.0), ('Mycobacterium canettii', 0.0), ('Streptomyces specialis', 0.0)]	species-level reads support A only
ERR1465727	ERR551719	PRJEB11460	PRJEB9680	Mycobacterium tuberculosis	Mycobacterium tuberculosis complex sp.	same_genus	EXACT_md5	True	0.0289	None	[('Mycobacterium tuberculosis', 2.9), ('Mycobacterium canettii', 0.0), ('Streptomyces specialis', 0.0)]	species-level reads support A only
ERR1465855	ERR552871	PRJEB11460	PRJEB9680	Mycobacterium tuberculosis	Mycobacterium tuberculosis complex sp.	same_genus	EXACT_md5	True	0.0324	None	[('Mycobacterium tuberculosis', 3.2), ('Mycobacterium canettii', 0.0), ('Mycobacterium bovis', 0.0)]	species-level reads support A only
ERR1465878	ERR550901	PRJEB11460	PRJEB7727	Mycobacterium tuberculosis	Mycobacterium tuberculosis complex sp.	same_genus	EXACT_md5	True	0.075	None	[('Mycobacterium tuberculosis', 7.5), ('Mycobacterium canettii', 0.1), ('Mycobacterium africanum', 0.0)]	species-level reads support A only
ERR1199107	ERR1654653	PRJEB11460	PRJEB15463	Mycobacterium tuberculosis	Mycobacterium tuberculosis complex sp.	same_genus	EXACT_md5	True	0.0355	None	[('Mycobacterium tuberculosis', 3.5), ('Mycobacterium canettii', 0.1), ('Mycobacterium bovis', 0.0)]	species-level reads support A only
ERR1654653	ERR2706944	PRJEB15463	PRJEB27847	Mycobacterium tuberculosis complex sp.	Mycobacterium tuberculosis	same_genus	EXACT_md5	False	None	0.0355	[('Mycobacterium tuberculosis', 3.5), ('Mycobacterium canettii', 0.1), ('Mycobacterium bovis', 0.0)]	species-level reads support B only
ERR990679	ERR993532	PRJEB10578	PRJEB10590	Bacteria aborigena	Bacteria ambigua	same_genus	EXACT_md5	True	0.0	0.0	[('Succinivibrio dextrinosolvens', 10.8), ('Elusimicrobium minutum', 1.1), ('Allofustis seminis', 0.2)]	species-level reads support neither
ERR1465834	ERR552016	PRJEB11460	PRJEB6273	Mycobacterium tuberculosis	Mycobacterium tuberculosis complex sp.	same_genus	EXACT_md5	False	0.0401	None	[('Mycobacterium tuberculosis', 4.0), ('Mycobacterium canettii', 0.0), ('Mycobacterium africanum', 0.0)]	species-level reads support A only
ERR957225	ERR993595	PRJEB9815	PRJEB10590	Bacteria aborigena	Bacteria ambigua	same_genus	EXACT_md5	True	0.0	0.0	[('Fusicatenibacter saccharivorans', 11.8), ('Blautia wexlerae', 8.0), ('Bifidobacterium longum', 7.8)]	species-level reads support neither
ERR990717	ERR993551	PRJEB10578	PRJEB10590	Bacteria aborigena	Bacteria ambigua	same_genus	EXACT_md5	True	0.0	0.0	[('Collinsella sp. MS5', 1.3), ('Methanosphaera stadtmanae', 0.2), ('Streptococcus thermophilus', 0.1)]	species-level reads support neither
ERR1465840	ERR552698	PRJEB11460	PRJEB6273	Mycobacterium tuberculosis	Mycobacterium tuberculosis complex sp.	same_genus	EXACT_md5	False	0.0304	None	[('Mycobacterium tuberculosis', 3.0), ('Mycobacterium canettii', 0.0), ('Homo sapiens', 0.0)]	species-level reads support A only
ERR1654657	ERR2706966	PRJEB15463	PRJEB27847	Mycobacterium tuberculosis complex sp.	Mycobacterium tuberculosis	same_genus	EXACT_md5	False	None	0.0349	[('Mycobacterium tuberculosis', 3.5), ('Mycobacterium canettii', 0.1), ('Mycobacterium bovis', 0.0)]	species-level reads support B only
ERR1199096	ERR1654689	PRJEB11460	PRJEB15463	Mycobacterium tuberculosis	Mycobacterium tuberculosis complex sp.	same_genus	EXACT_md5	True	0.0363	None	[('Mycobacterium tuberculosis', 3.6), ('Mycobacterium canettii', 0.1), ('Mycobacterium bovis', 0.0)]	species-level reads support A only
ERR1654689	ERR2707123	PRJEB15463	PRJEB27847	Mycobacterium tuberculosis complex sp.	Mycobacterium tuberculosis	same_genus	EXACT_md5	False	None	0.0363	[('Mycobacterium tuberculosis', 3.6), ('Mycobacterium canettii', 0.1), ('Mycobacterium bovis', 0.0)]	species-level reads support B only
ERR1654683	ERR2707091	PRJEB15463	PRJEB27847	Mycobacterium tuberculosis complex sp.	Mycobacterium tuberculosis	same_genus	EXACT_md5	False	None	0.0366	[('Mycobacterium tuberculosis', 3.7), ('Mycobacterium canettii', 0.1), ('Mycobacterium bovis', 0.0)]	species-level reads support B only
ERR1654672	ERR2707052	PRJEB15463	PRJEB27847	Mycobacterium tuberculosis complex sp.	Mycobacterium tuberculosis	same_genus	EXACT_md5	False	None	0.0378	[('Mycobacterium tuberculosis', 3.8), ('Mycobacterium canettii', 0.1), ('Mycobacterium bovis', 0.0)]	species-level reads support B only
ERR1654686	ERR2707104	PRJEB15463	PRJEB27847	Mycobacterium tuberculosis complex sp.	Mycobacterium tuberculosis	same_genus	EXACT_md5	False	None	0.0383	[('Mycobacterium tuberculosis', 3.8), ('Mycobacterium canettii', 0.1), ('Mycobacterium bovis', 0.0)]	species-level reads support B only
ERR990700	ERR993543	PRJEB10578	PRJEB10590	Bacteria aborigena	Bacteria ambigua	same_genus	EXACT_md5	True	0.0	0.0	[('Streptococcus thermophilus', 0.8), ('Adlercreutzia equolifaciens', 0.2), ('Ruminococcus sp. HUN007', 0.0)]	species-level reads support neither
ERR957223	ERR993594	PRJEB9815	PRJEB10590	Bacteria aborigena	Bacteria ambigua	same_genus	EXACT_md5	True	0.0	0.0	[('Streptococcus thermophilus', 0.0), ('Ruminococcus sp. HUN007', 0.0), ('Streptococcus pneumoniae', 0.0)]	species-level reads support neither
ERR1465856	ERR551763	PRJEB11460	PRJEB9680	Mycobacterium tuberculosis	Mycobacterium tuberculosis complex sp.	same_genus	EXACT_md5	True	0.035	None	[('Mycobacterium tuberculosis', 3.5), ('Mycobacterium canettii', 0.1), ('Mycobacterium bovis', 0.0)]	species-level reads support A only
ERR1654676	ERR2707070	PRJEB15463	PRJEB27847	Mycobacterium tuberculosis complex sp.	Mycobacterium tuberculosis	same_genus	EXACT_md5	False	None	0.0355	[('Mycobacterium tuberculosis', 3.6), ('Mycobacterium canettii', 0.1), ('Mycobacterium bovis', 0.0)]	species-level reads support B only
ERR990699	ERR993542	PRJEB10578	PRJEB10590	Bacteria aborigena	Bacteria ambigua	same_genus	EXACT_md5	True	0.0	0.0	[('Clostridium sp. CL-2', 1.0), ('Streptococcus thermophilus', 0.6), ('Ruminococcus sp. HUN007', 0.4)]	species-level reads support neither
ERR1654695	ERR2707148	PRJEB15463	PRJEB27847	Mycobacterium tuberculosis complex sp.	Mycobacterium tuberculosis	same_genus	EXACT_md5	False	None	0.0382	[('Mycobacterium tuberculosis', 3.8), ('Mycobacterium canettii', 0.1), ('Mycobacterium africanum', 0.0)]	species-level reads support B only
ERR1654663	ERR2707009	PRJEB15463	PRJEB27847	Mycobacterium tuberculosis complex sp.	Mycobacterium tuberculosis	same_genus	EXACT_md5	False	None	0.0316	[('Mycobacterium tuberculosis', 3.2), ('Mycobacterium canettii', 0.1), ('Mycobacterium bovis', 0.0)]	species-level reads support B only
ERR1465869	ERR552512	PRJEB11460	PRJEB9680	Mycobacterium tuberculosis	Mycobacterium tuberculosis complex sp.	same_genus	EXACT_md5	False	0.0349	None	[('Mycobacterium tuberculosis', 3.5), ('Mycobacterium canettii', 0.1), ('Mycobacterium bovis', 0.0)]	species-level reads support A only
ERR1199127	ERR1654704	PRJEB11460	PRJEB15463	Mycobacterium tuberculosis	Mycobacterium tuberculosis complex sp.	same_genus	EXACT_md5	True	0.0367	None	[('Mycobacterium tuberculosis', 3.7), ('Mycobacterium canettii', 0.1), ('Mycobacterium bovis', 0.0)]	species-level reads support A only
ERR1654704	ERR2707206	PRJEB15463	PRJEB27847	Mycobacterium tuberculosis complex sp.	Mycobacterium tuberculosis	same_genus	EXACT_md5	False	None	0.0367	[('Mycobacterium tuberculosis', 3.7), ('Mycobacterium canettii', 0.1), ('Mycobacterium bovis', 0.0)]	species-level reads support B only
ERR1654694	ERR2707142	PRJEB15463	PRJEB27847	Mycobacterium tuberculosis complex sp.	Mycobacterium tuberculosis	same_genus	EXACT_md5	False	None	0.037	[('Mycobacterium tuberculosis', 3.7), ('Mycobacterium canettii', 0.1), ('Mycobacterium bovis', 0.0)]	species-level reads support B only
ERR1845020	ERR2262736	PRJEB19502	PRJEB24580	Bos taurus	Mus musculus	same_higher_depth8	EXACT_md5	False	0.0	0.0	[('Lactobacillus reuteri', 0.4), ('Parabacteroides sp. YL27', 0.3), ('Lachnobacterium bovis', 0.3)]	species-level reads support neither
ERR1654699	ERR2707183	PRJEB15463	PRJEB27847	Mycobacterium tuberculosis complex sp.	Mycobacterium tuberculosis	same_genus	EXACT_md5	False	None	0.0363	[('Mycobacterium tuberculosis', 3.6), ('Mycobacterium canettii', 0.1), ('Mycobacterium bovis', 0.0)]	species-level reads support B only
ERR1199110	ERR1654680	PRJEB11460	PRJEB15463	Mycobacterium tuberculosis	Mycobacterium tuberculosis complex sp.	same_genus	EXACT_md5	True	0.0352	None	[('Mycobacterium tuberculosis', 3.5), ('Mycobacterium canettii', 0.1), ('Mycobacterium bovis', 0.0)]	species-level reads support A only
ERR1654680	ERR2707077	PRJEB15463	PRJEB27847	Mycobacterium tuberculosis complex sp.	Mycobacterium tuberculosis	same_genus	EXACT_md5	False	None	0.0352	[('Mycobacterium tuberculosis', 3.5), ('Mycobacterium canettii', 0.1), ('Mycobacterium bovis', 0.0)]	species-level reads support B only
ERR1654702	ERR2707198	PRJEB15463	PRJEB27847	Mycobacterium tuberculosis complex sp.	Mycobacterium tuberculosis	same_genus	EXACT_md5	False	None	0.036	[('Mycobacterium tuberculosis', 3.6), ('Mycobacterium canettii', 0.1), ('Mycobacterium bovis', 0.0)]	species-level reads support B only
ERR990716	ERR993550	PRJEB10578	PRJEB10590	Bacteria aborigena	Bacteria ambigua	same_genus	EXACT_md5	True	0.0	0.0	[('Bacteroides stercoris', 2.5), ('Dialister invisus', 1.0), ('Streptococcus thermophilus', 0.3)]	species-level reads support neither
ERR990702	ERR993545	PRJEB10578	PRJEB10590	Bacteria aborigena	Bacteria ambigua	same_genus	EXACT_md5	True	0.0	0.0	[('[Clostridium] spiroforme', 0.3), ('Clostridium sp. CL-2', 0.2), ('Dialister invisus', 0.1)]	species-level reads support neither
ERR990691	ERR993538	PRJEB10578	PRJEB10590	Bacteria aborigena	Bacteria ambigua	same_genus	EXACT_md5	True	0.0	0.0	[('Clostridium sp. CL-2', 0.8), ('Streptococcus thermophilus', 0.1), ('Coxiella burnetii', 0.1)]	species-level reads support neither
ERR1654693	ERR2707132	PRJEB15463	PRJEB27847	Mycobacterium tuberculosis complex sp.	Mycobacterium tuberculosis	same_genus	EXACT_md5	False	None	0.0359	[('Mycobacterium tuberculosis', 3.6), ('Mycobacterium canettii', 0.1), ('Mycobacterium africanum', 0.0)]	species-level reads support B only
ERR842803	ERR843262	PRJEB9004	PRJEB9031	uncultured archaeon	uncultured bacterium	same_genus	EXACT_md5	True	None	None	[('Ochrobactrum anthropi', 1.1), ('Streptococcus thermophilus', 0.3), ('Flavobacterium rivuli', 0.1)]	untestable (no species-level claim on either side)
ERR842803	ERR863840	PRJEB9004	PRJEB9160	uncultured archaeon	uncultured bacterium	same_genus	EXACT_md5	True	None	None	[('Ochrobactrum anthropi', 1.1), ('Streptococcus thermophilus', 0.3), ('Flavobacterium rivuli', 0.1)]	untestable (no species-level claim on either side)
ERR1465969	ERR553131	PRJEB11460	PRJEB7727	Mycobacterium tuberculosis	Mycobacterium tuberculosis complex sp.	same_genus	EXACT_md5	True	0.076	None	[('Mycobacterium tuberculosis', 7.6), ('Mycobacterium canettii', 0.2), ('Mycobacterium bovis', 0.0)]	species-level reads support A only
ERR1465731	ERR550810	PRJEB11460	PRJEB9680	Mycobacterium tuberculosis	Mycobacterium tuberculosis complex sp.	same_genus	EXACT_md5	True	0.0314	None	[('Mycobacterium tuberculosis', 3.1), ('Mycobacterium canettii', 0.1), ('Mycobacterium bovis', 0.0)]	species-level reads support A only
ERR1347769	ERR1543590	PRJEB13242	PRJEB14753	Mus musculus	Homo sapiens	same_higher_depth9	EXACT_md5	False	0.9245	0.0	[('Mus musculus', 92.4), ('Helicobacter suis', 0.0)]	species-level reads support A only
ERR1465860	ERR551413	PRJEB11460	PRJEB9680	Mycobacterium tuberculosis	Mycobacterium tuberculosis complex sp.	same_genus	EXACT_md5	True	0.0319	None	[('Mycobacterium tuberculosis', 3.2), ('Mycobacterium canettii', 0.0), ('Mycobacterium bovis', 0.0)]	species-level reads support A only
ERR990683	ERR993535	PRJEB10578	PRJEB10590	Bacteria aborigena	Bacteria ambigua	same_genus	EXACT_md5	True	0.0	0.0	[('[Clostridium] spiroforme', 1.0), ('Clostridium sp. CL-2', 0.6), ('Streptococcus thermophilus', 0.3)]	species-level reads support neither
ERR1730308	ERR1802354	PRJEB17923	PRJEB19110	Picea wilsonii	Picea sitchensis	same_genus	EXACT_md5	False	0.0	0.0	[('Brassica napus', 1.2), ('Ricinus communis', 0.8), ('Gossypium hirsutum', 0.7)]	species-level reads support neither
ERR990695	ERR993539	PRJEB10578	PRJEB10590	Bacteria aborigena	Bacteria ambigua	same_genus	EXACT_md5	True	0.0	0.0	[('[Clostridium] spiroforme', 0.4), ('Adlercreutzia equolifaciens', 0.3), ('Streptococcus thermophilus', 0.3)]	species-level reads support neither
ERR1654665	ERR2707016	PRJEB15463	PRJEB27847	Mycobacterium tuberculosis complex sp.	Mycobacterium tuberculosis	same_genus	EXACT_md5	False	None	0.0368	[('Mycobacterium tuberculosis', 3.7), ('Mycobacterium canettii', 0.1), ('Mycobacterium chimaera', 0.0)]	species-level reads support B only
ERR1465891	ERR551297	PRJEB11460	PRJEB9680	Mycobacterium tuberculosis	Mycobacterium tuberculosis complex sp.	same_genus	EXACT_md5	True	0.0284	None	[('Mycobacterium tuberculosis', 2.8), ('Mycobacterium canettii', 0.0), ('Mycobacterium bovis', 0.0)]	species-level reads support A only
ERR1465863	ERR552121	PRJEB11460	PRJEB6273	Mycobacterium tuberculosis	Mycobacterium tuberculosis complex sp.	same_genus	EXACT_md5	False	0.0303	None	[('Mycobacterium tuberculosis', 3.0), ('Mycobacterium canettii', 0.0), ('Mycobacterium bovis', 0.0)]	species-level reads support A only
ERR990680	ERR993533	PRJEB10578	PRJEB10590	Bacteria aborigena	Bacteria ambigua	same_genus	EXACT_md5	True	0.0	0.0	[('Clostridium sp. CL-2', 12.9), ('Streptococcus thermophilus', 0.2), ('Eubacterium limosum', 0.1)]	species-level reads support neither
ERR1199104	ERR1654649	PRJEB11460	PRJEB15463	Mycobacterium tuberculosis	Mycobacterium tuberculosis complex sp.	same_genus	EXACT_md5	True	0.0338	None	[('Mycobacterium tuberculosis', 3.4), ('Mycobacterium canettii', 0.1), ('Mycobacterium bovis', 0.0)]	species-level reads support A only
ERR1654649	ERR2706924	PRJEB15463	PRJEB27847	Mycobacterium tuberculosis complex sp.	Mycobacterium tuberculosis	same_genus	EXACT_md5	False	None	0.0338	[('Mycobacterium tuberculosis', 3.4), ('Mycobacterium canettii', 0.1), ('Mycobacterium bovis', 0.0)]	species-level reads support B only
ERR1654669	ERR2707026	PRJEB15463	PRJEB27847	Mycobacterium tuberculosis complex sp.	Mycobacterium tuberculosis	same_genus	EXACT_md5	False	None	0.034	[('Mycobacterium tuberculosis', 3.4), ('Mycobacterium canettii', 0.1), ('Mycobacterium bovis', 0.0)]	species-level reads support B only
ERR1465729	ERR550695	PRJEB11460	PRJEB9680	Mycobacterium tuberculosis	Mycobacterium tuberculosis complex sp.	same_genus	EXACT_md5	True	0.0282	None	[('Mycobacterium tuberculosis', 2.8), ('Mycobacterium canettii', 0.0), ('Mycobacterium bovis', 0.0)]	species-level reads support A only
ERR842809	ERR843273	PRJEB9004	PRJEB9031	uncultured archaeon	uncultured bacterium	same_genus	EXACT_md5	True	None	None	[('Pseudomonas stutzeri', 22.4), ('Bradyrhizobium japonicum', 13.4), ('Sphingobium sp. ba1', 4.7)]	untestable (no species-level claim on either side)
ERR1654650	ERR2706925	PRJEB15463	PRJEB27847	Mycobacterium tuberculosis complex sp.	Mycobacterium tuberculosis	same_genus	EXACT_md5	False	None	0.035	[('Mycobacterium tuberculosis', 3.5), ('Mycobacterium canettii', 0.1), ('Mycobacterium bovis', 0.0)]	species-level reads support B only
ERR957227	ERR993555	PRJEB9815	PRJEB10590	Bacteria aborigena	Bacteria ambigua	same_genus	EXACT_md5	True	0.0	0.0	[('[Eubacterium] rectale', 3.8), ('Bifidobacterium longum', 2.8), ('Fusicatenibacter saccharivorans', 2.5)]	species-level reads support neither
ERR1654677	ERR2707072	PRJEB15463	PRJEB27847	Mycobacterium tuberculosis complex sp.	Mycobacterium tuberculosis	same_genus	EXACT_md5	False	None	0.0375	[('Mycobacterium tuberculosis', 3.8), ('Mycobacterium canettii', 0.1), ('Homo sapiens', 0.0)]	species-level reads support B only
ERR1199117	ERR1654705	PRJEB11460	PRJEB15463	Mycobacterium tuberculosis	Mycobacterium tuberculosis complex sp.	same_genus	EXACT_md5	True	0.0365	None	[('Mycobacterium tuberculosis', 3.6), ('Mycobacterium canettii', 0.1), ('Mycobacterium bovis', 0.0)]	species-level reads support A only
ERR1654705	ERR2707218	PRJEB15463	PRJEB27847	Mycobacterium tuberculosis complex sp.	Mycobacterium tuberculosis	same_genus	EXACT_md5	False	None	0.0365	[('Mycobacterium tuberculosis', 3.6), ('Mycobacterium canettii', 0.1), ('Mycobacterium bovis', 0.0)]	species-level reads support B only
ERR957234	ERR993599	PRJEB9815	PRJEB10590	Bacteria aborigena	Bacteria ambigua	same_genus	EXACT_md5	True	0.0	0.0	[('Faecalibacterium prausnitzii', 6.9), ('Mediterraneibacter faecis', 6.5), ('Phascolarctobacterium faecium', 3.6)]	species-level reads support neither
ERR1465865	ERR552013	PRJEB11460	PRJEB9680	Mycobacterium tuberculosis	Mycobacterium tuberculosis complex sp.	same_genus	EXACT_md5	True	0.0312	None	[('Mycobacterium tuberculosis', 3.1), ('Mycobacterium canettii', 0.0), ('Mycobacterium bovis', 0.0)]	species-level reads support A only
ERR1199126	ERR1654697	PRJEB11460	PRJEB15463	Mycobacterium tuberculosis	Mycobacterium tuberculosis complex sp.	same_genus	EXACT_md5	True	0.0358	None	[('Mycobacterium tuberculosis', 3.6), ('Mycobacterium canettii', 0.1), ('Mycobacterium bovis', 0.0)]	species-level reads support A only
ERR1654697	ERR2707168	PRJEB15463	PRJEB27847	Mycobacterium tuberculosis complex sp.	Mycobacterium tuberculosis	same_genus	EXACT_md5	False	None	0.0358	[('Mycobacterium tuberculosis', 3.6), ('Mycobacterium canettii', 0.1), ('Mycobacterium bovis', 0.0)]	species-level reads support B only
ERR1199121	ERR1654667	PRJEB11460	PRJEB15463	Mycobacterium tuberculosis	Mycobacterium tuberculosis complex sp.	same_genus	EXACT_md5	True	0.0335	None	[('Mycobacterium tuberculosis', 3.4), ('Mycobacterium canettii', 0.1), ('Homo sapiens', 0.0)]	species-level reads support A only
ERR1654667	ERR2707022	PRJEB15463	PRJEB27847	Mycobacterium tuberculosis complex sp.	Mycobacterium tuberculosis	same_genus	EXACT_md5	False	None	0.0335	[('Mycobacterium tuberculosis', 3.4), ('Mycobacterium canettii', 0.1), ('Homo sapiens', 0.0)]	species-level reads support B only
ERR1199124	ERR1654701	PRJEB11460	PRJEB15463	Mycobacterium tuberculosis	Mycobacterium tuberculosis complex sp.	same_genus	EXACT_md5	True	0.036	None	[('Mycobacterium tuberculosis', 3.6), ('Mycobacterium canettii', 0.1), ('Mycobacterium bovis', 0.0)]	species-level reads support A only
ERR1654701	ERR2707193	PRJEB15463	PRJEB27847	Mycobacterium tuberculosis complex sp.	Mycobacterium tuberculosis	same_genus	EXACT_md5	False	None	0.036	[('Mycobacterium tuberculosis', 3.6), ('Mycobacterium canettii', 0.1), ('Mycobacterium bovis', 0.0)]	species-level reads support B only
ERR1199093	ERR1654709	PRJEB11460	PRJEB15463	Mycobacterium tuberculosis	Mycobacterium tuberculosis complex sp.	same_genus	EXACT_md5	True	0.0405	None	[('Mycobacterium tuberculosis', 4.1), ('Mycobacterium canettii', 0.3), ('Mycobacterium bovis', 0.0)]	species-level reads support A only
ERR1654685	ERR2707099	PRJEB15463	PRJEB27847	Mycobacterium tuberculosis complex sp.	Mycobacterium tuberculosis	same_genus	EXACT_md5	False	None	0.0381	[('Mycobacterium tuberculosis', 3.8), ('Mycobacterium canettii', 0.1), ('Mycobacterium bovis', 0.0)]	species-level reads support B only
ERR990701	ERR993544	PRJEB10578	PRJEB10590	Bacteria aborigena	Bacteria ambigua	same_genus	EXACT_md5	True	0.0	0.0	[('Streptococcus thermophilus', 0.3), ('Adlercreutzia equolifaciens', 0.1), ('Clostridium sp. SS2/1', 0.0)]	species-level reads support neither
ERR957237	ERR993601	PRJEB9815	PRJEB10590	Bacteria aborigena	Bacteria ambigua	same_genus	EXACT_md5	True	0.0	0.0	[('[Eubacterium] rectale', 27.4), ('Fusicatenibacter saccharivorans', 5.4), ('Blautia wexlerae', 2.2)]	species-level reads support neither
ERR990698	ERR993541	PRJEB10578	PRJEB10590	Bacteria aborigena	Bacteria ambigua	same_genus	EXACT_md5	True	0.0	0.0	[('Clostridium sp. CL-2', 1.8), ('Streptococcus thermophilus', 1.4), ('[Clostridium] spiroforme', 0.4)]	species-level reads support neither
ERR1654652	ERR2706942	PRJEB15463	PRJEB27847	Mycobacterium tuberculosis complex sp.	Mycobacterium tuberculosis	same_genus	EXACT_md5	False	None	0.0368	[('Mycobacterium tuberculosis', 3.7), ('Mycobacterium canettii', 0.1), ('Mycobacterium bovis', 0.0)]	species-level reads support B only
ERR1465838	ERR551269	PRJEB11460	PRJEB9680	Mycobacterium tuberculosis	Mycobacterium tuberculosis complex sp.	same_genus	EXACT_md5	False	0.0292	None	[('Mycobacterium tuberculosis', 2.9), ('Mycobacterium canettii', 0.0), ('Mycobacterium bovis', 0.0)]	species-level reads support A only
ERR990674	ERR993530	PRJEB10578	PRJEB10590	Bacteria aborigena	Bacteria ambigua	same_genus	EXACT_md5	True	0.0	0.0	[('Streptococcus thermophilus', 7.5), ('Streptococcus pneumoniae', 0.2), ('Abiotrophia defectiva', 0.1)]	species-level reads support neither
ERR658163	ERR658172	PRJEB7570	PRJEB7572	Bacillus sp. DSM 5850	bacterium EM-17	same_higher_depth1	EXACT_md5	False	0.0	0.0	[('Escherichia coli', 2.4), ('Burkholderiales bacterium GJ-E10', 0.1), ('Endobacter medicaginis', 0.1)]	species-level reads support neither
ERR1199098	ERR1654682	PRJEB11460	PRJEB15463	Mycobacterium tuberculosis	Mycobacterium tuberculosis complex sp.	same_genus	EXACT_md5	True	0.0358	None	[('Mycobacterium tuberculosis', 3.6), ('Mycobacterium canettii', 0.1), ('Mycobacterium bovis', 0.0)]	species-level reads support A only
ERR1654682	ERR2707084	PRJEB15463	PRJEB27847	Mycobacterium tuberculosis complex sp.	Mycobacterium tuberculosis	same_genus	EXACT_md5	False	None	0.0358	[('Mycobacterium tuberculosis', 3.6), ('Mycobacterium canettii', 0.1), ('Mycobacterium bovis', 0.0)]	species-level reads support B only
ERR1199111	ERR1654654	PRJEB11460	PRJEB15463	Mycobacterium tuberculosis	Mycobacterium tuberculosis complex sp.	same_genus	EXACT_md5	True	0.0348	None	[('Mycobacterium tuberculosis', 3.5), ('Mycobacterium canettii', 0.1), ('Mycobacterium bovis', 0.0)]	species-level reads support A only
ERR1654654	ERR2706948	PRJEB15463	PRJEB27847	Mycobacterium tuberculosis complex sp.	Mycobacterium tuberculosis	same_genus	EXACT_md5	False	None	0.0348	[('Mycobacterium tuberculosis', 3.5), ('Mycobacterium canettii', 0.1), ('Mycobacterium bovis', 0.0)]	species-level reads support B only
ERR1199103	ERR1654675	PRJEB11460	PRJEB15463	Mycobacterium tuberculosis	Mycobacterium tuberculosis complex sp.	same_genus	EXACT_md5	True	0.0366	None	[('Mycobacterium tuberculosis', 3.7), ('Mycobacterium canettii', 0.1), ('Mycobacterium bovis', 0.0)]	species-level reads support A only
ERR1654675	ERR2707060	PRJEB15463	PRJEB27847	Mycobacterium tuberculosis complex sp.	Mycobacterium tuberculosis	same_genus	EXACT_md5	False	None	0.0366	[('Mycobacterium tuberculosis', 3.7), ('Mycobacterium canettii', 0.1), ('Mycobacterium bovis', 0.0)]	species-level reads support B only
ERR1199128	ERR1654673	PRJEB11460	PRJEB15463	Mycobacterium tuberculosis	Mycobacterium tuberculosis complex sp.	same_genus	EXACT_md5	True	0.0379	None	[('Mycobacterium tuberculosis', 3.8), ('Mycobacterium canettii', 0.1), ('Mycobacterium bovis', 0.0)]	species-level reads support A only
ERR1654673	ERR2707053	PRJEB15463	PRJEB27847	Mycobacterium tuberculosis complex sp.	Mycobacterium tuberculosis	same_genus	EXACT_md5	False	None	0.0379	[('Mycobacterium tuberculosis', 3.8), ('Mycobacterium canettii', 0.1), ('Mycobacterium bovis', 0.0)]	species-level reads support B only
ERR1465843	ERR552167	PRJEB11460	PRJEB9680	Mycobacterium tuberculosis	Mycobacterium tuberculosis complex sp.	same_genus	EXACT_md5	True	0.0336	None	[('Mycobacterium tuberculosis', 3.4), ('Mycobacterium canettii', 0.1), ('Mycobacterium bovis', 0.0)]	species-level reads support A only
ERR957231	ERR993557	PRJEB9815	PRJEB10590	Bacteria aborigena	Bacteria ambigua	same_genus	EXACT_md5	True	0.0	0.0	[('Phocaeicola vulgatus', 3.8), ('Fusicatenibacter saccharivorans', 3.5), ('Phocaeicola dorei', 3.5)]	species-level reads support neither
ERR1465862	ERR552168	PRJEB11460	PRJEB9680	Mycobacterium tuberculosis	Mycobacterium tuberculosis complex sp.	same_genus	EXACT_md5	True	0.0312	None	[('Mycobacterium tuberculosis', 3.1), ('Mycobacterium canettii', 0.0), ('Mycobacterium bovis', 0.0)]	species-level reads support A only
ERR1465845	ERR553130	PRJEB11460	PRJEB7727	Mycobacterium tuberculosis	Mycobacterium tuberculosis complex sp.	same_genus	EXACT_md5	True	0.0753	None	[('Mycobacterium tuberculosis', 7.5), ('Mycobacterium canettii', 0.1), ('Mycobacterium bovis', 0.0)]	species-level reads support A only
ERR1465870	ERR553039	PRJEB11460	PRJEB9680	Mycobacterium tuberculosis	Mycobacterium tuberculosis complex sp.	same_genus	EXACT_md5	True	0.031	None	[('Mycobacterium tuberculosis', 3.1), ('Mycobacterium canettii', 0.0), ('Mycobacterium bovis', 0.0)]	species-level reads support A only
ERR841746	ERR860900	PRJEB9004	PRJEB9112	uncultured archaeon	uncultured fungus	same_genus	EXACT_md5	True	None	None	[('Sarocladium kiliense', 30.8), ('Ophioceras dolichostomum', 0.0), ('Geoglobus ahangari', 0.0)]	untestable (no species-level claim on either side)
ERR990678	ERR993531	PRJEB10578	PRJEB10590	Bacteria aborigena	Bacteria ambigua	same_genus	EXACT_md5	True	0.0	0.0	[('Streptococcus thermophilus', 1.0), ('Ruminococcus sp. HUN007', 0.2), ('Collinsella sp. MS5', 0.1)]	species-level reads support neither
ERR1465839	ERR552031	PRJEB11460	PRJEB6273	Mycobacterium tuberculosis	Mycobacterium tuberculosis complex sp.	same_genus	EXACT_md5	False	0.0283	None	[('Mycobacterium tuberculosis', 2.8), ('Mycobacterium canettii', 0.0), ('Mycobacterium bovis', 0.0)]	species-level reads support A only
ERR1347771	ERR1543592	PRJEB13242	PRJEB14753	Mus musculus	Homo sapiens	same_higher_depth9	EXACT_md5	True	0.9376	0.0	[('Mus musculus', 93.8), ('Jaculus jaculus', 0.0), ('Acinetobacter ursingii', 0.0)]	species-level reads support A only
ERR1465723	ERR553239	PRJEB11460	PRJEB9680	Mycobacterium tuberculosis	Mycobacterium tuberculosis complex sp.	same_genus	EXACT_md5	True	0.0303	None	[('Mycobacterium tuberculosis', 3.0), ('Mycobacterium canettii', 0.0), ('Mycobacterium bovis', 0.0)]	species-level reads support A only
ERR990686	ERR993537	PRJEB10578	PRJEB10590	Bacteria aborigena	Bacteria ambigua	same_genus	EXACT_md5	True	0.0	0.0	[('Clostridium sp. CL-2', 1.1), ('Slackia piriformis', 0.8), ('Faecalitalea cylindroides', 0.2)]	species-level reads support neither
ERR990715	ERR993549	PRJEB10578	PRJEB10590	Bacteria aborigena	Bacteria ambigua	same_genus	EXACT_md5	True	0.0	0.0	[('Streptococcus thermophilus', 6.2), ('Enterococcus faecium', 0.2), ('Streptococcus pneumoniae', 0.1)]	species-level reads support neither
ERR990711	ERR993548	PRJEB10578	PRJEB10590	Bacteria aborigena	Bacteria ambigua	same_genus	EXACT_md5	True	0.0	0.0	[('Collinsella sp. MS5', 0.2), ('Ruminococcus sp. HUN007', 0.1), ('Slackia piriformis', 0.1)]	species-level reads support neither
ERR1465983	ERR550902	PRJEB11460	PRJEB7727	Mycobacterium tuberculosis	Mycobacterium tuberculosis complex sp.	same_genus	EXACT_md5	True	0.075	None	[('Mycobacterium tuberculosis', 7.5), ('Mycobacterium canettii', 0.2), ('Mycobacterium bovis', 0.0)]	species-level reads support A only
ERR1654661	ERR2706993	PRJEB15463	PRJEB27847	Mycobacterium tuberculosis complex sp.	Mycobacterium tuberculosis	same_genus	EXACT_md5	False	None	0.0342	[('Mycobacterium tuberculosis', 3.4), ('Mycobacterium canettii', 0.1), ('Mycobacterium bovis', 0.0)]	species-level reads support B only
ERR1465841	ERR552185	PRJEB11460	PRJEB6273	Mycobacterium tuberculosis	Mycobacterium tuberculosis complex sp.	same_genus	EXACT_md5	False	0.0292	None	[('Mycobacterium tuberculosis', 2.9), ('Mycobacterium canettii', 0.0), ('Homo sapiens', 0.0)]	species-level reads support A only
ERR1465853	ERR550936	PRJEB11460	PRJEB9680	Mycobacterium tuberculosis	Mycobacterium tuberculosis complex sp.	same_genus	EXACT_md5	True	0.0317	None	[('Mycobacterium tuberculosis', 3.2), ('Mycobacterium canettii', 0.0), ('Mycobacterium bovis', 0.0)]	species-level reads support A only
ERR990684	ERR993536	PRJEB10578	PRJEB10590	Bacteria aborigena	Bacteria ambigua	same_genus	EXACT_md5	True	0.0	0.0	[('Clostridium sp. CL-2', 0.6), ('Adlercreutzia equolifaciens', 0.1), ('Streptococcus thermophilus', 0.1)]	species-level reads support neither
ERR957232	ERR993598	PRJEB9815	PRJEB10590	Bacteria aborigena	Bacteria ambigua	same_genus	EXACT_md5	True	0.0	0.0	[('Collinsella aerofaciens', 12.8), ('Romboutsia timonensis', 5.0), ('Mediterraneibacter faecis', 4.4)]	species-level reads support neither
ERR957238	ERR993602	PRJEB9815	PRJEB10590	Bacteria aborigena	Bacteria ambigua	same_genus	EXACT_md5	True	0.0	0.0	[('[Eubacterium] rectale', 26.6), ('Collinsella aerofaciens', 6.8), ('Prevotella copri', 3.8)]	species-level reads support neither
ERR1465836	ERR551085	PRJEB11460	PRJEB9680	Mycobacterium tuberculosis	Mycobacterium tuberculosis complex sp.	same_genus	EXACT_md5	False	0.0316	None	[('Mycobacterium tuberculosis', 3.2), ('Mycobacterium canettii', 0.0), ('Mycobacterium bovis', 0.0)]	species-level reads support A only
ERR1654674	ERR2707057	PRJEB15463	PRJEB27847	Mycobacterium tuberculosis complex sp.	Mycobacterium tuberculosis	same_genus	EXACT_md5	False	None	0.0356	[('Mycobacterium tuberculosis', 3.6), ('Mycobacterium canettii', 0.1), ('Mycobacterium bovis', 0.0)]	species-level reads support B only
ERR1654668	ERR2707024	PRJEB15463	PRJEB27847	Mycobacterium tuberculosis complex sp.	Mycobacterium tuberculosis	same_genus	EXACT_md5	False	None	0.0296	[('Mycobacterium tuberculosis', 3.0), ('Mycobacterium canettii', 0.1), ('Mycobacterium africanum', 0.0)]	species-level reads support B only
ERR1199115	ERR1654707	PRJEB11460	PRJEB15463	Mycobacterium tuberculosis	Mycobacterium tuberculosis complex sp.	same_genus	EXACT_md5	True	0.038	None	[('Mycobacterium tuberculosis', 3.8), ('Mycobacterium canettii', 0.1), ('Mycobacterium bovis', 0.0)]	species-level reads support A only
ERR1654707	ERR2707224	PRJEB15463	PRJEB27847	Mycobacterium tuberculosis complex sp.	Mycobacterium tuberculosis	same_genus	EXACT_md5	False	None	0.038	[('Mycobacterium tuberculosis', 3.8), ('Mycobacterium canettii', 0.1), ('Mycobacterium bovis', 0.0)]	species-level reads support B only
ERR957228	ERR993596	PRJEB9815	PRJEB10590	Bacteria aborigena	Bacteria ambigua	same_genus	EXACT_md5	True	0.0	0.0	[('Streptococcus thermophilus', 0.9), ('Clostridium sp. SS2/1', 0.7), ('[Eubacterium] dolichum', 0.1)]	species-level reads support neither
ERR957230	ERR993597	PRJEB9815	PRJEB10590	Bacteria aborigena	Bacteria ambigua	same_genus	EXACT_md5	True	0.0	0.0	[('Fusicatenibacter saccharivorans', 10.0), ('[Eubacterium] rectale', 8.3), ('Anaerostipes hadrus', 3.7)]	species-level reads support neither
ERR1465889	ERR551058	PRJEB11460	PRJEB9680	Mycobacterium tuberculosis	Mycobacterium tuberculosis complex sp.	same_genus	EXACT_md5	True	0.0293	None	[('Mycobacterium tuberculosis', 2.9), ('Mycobacterium canettii', 0.0), ('Mycobacterium africanum', 0.0)]	species-level reads support A only
ERR957224	ERR993553	PRJEB9815	PRJEB10590	Bacteria aborigena	Bacteria ambigua	same_genus	EXACT_md5	True	0.0	0.0	[('[Eubacterium] rectale', 27.1), ('Bifidobacterium longum', 17.5), ('Blautia wexlerae', 1.3)]	species-level reads support neither
ERR957236	ERR993559	PRJEB9815	PRJEB10590	Bacteria aborigena	Bacteria ambigua	same_genus	EXACT_md5	True	0.0	0.0	[('Fusicatenibacter saccharivorans', 7.7), ('Bifidobacterium longum', 4.6), ('Collinsella aerofaciens', 3.6)]	species-level reads support neither
ERR1465885	ERR553087	PRJEB11460	PRJEB9545	Mycobacterium tuberculosis	Mycobacterium tuberculosis complex sp.	same_genus	EXACT_md5	True	0.066	None	[('Mycobacterium tuberculosis', 6.6), ('Mycobacterium canettii', 0.3), ('Mycobacterium bovis', 0.0)]	species-level reads support A only
ERR957222	ERR993552	PRJEB9815	PRJEB10590	Bacteria aborigena	Bacteria ambigua	same_genus	EXACT_md5	True	0.0	0.0	[('Faecalibacterium prausnitzii', 5.5), ('Fusicatenibacter saccharivorans', 3.6), ('Gemmiger formicilis', 2.8)]	species-level reads support neither
ERR1199112	ERR1654662	PRJEB11460	PRJEB15463	Mycobacterium tuberculosis	Mycobacterium tuberculosis complex sp.	same_genus	EXACT_md5	True	0.0335	None	[('Mycobacterium tuberculosis', 3.4), ('Mycobacterium canettii', 0.1), ('Mycobacterium africanum', 0.0)]	species-level reads support A only
ERR1654662	ERR2707008	PRJEB15463	PRJEB27847	Mycobacterium tuberculosis complex sp.	Mycobacterium tuberculosis	same_genus	EXACT_md5	False	None	0.0335	[('Mycobacterium tuberculosis', 3.4), ('Mycobacterium canettii', 0.1), ('Mycobacterium africanum', 0.0)]	species-level reads support B only
ERR1465881	ERR550631	PRJEB11460	PRJEB6273	Mycobacterium tuberculosis	Mycobacterium tuberculosis complex sp.	same_genus	EXACT_md5	False	0.069	None	[('Mycobacterium tuberculosis', 6.9), ('Mycobacterium canettii', 0.3), ('Mycobacterium abscessus', 0.1)]	species-level reads support A only
ERR1465967	ERR551130	PRJEB11460	PRJEB9680	Mycobacterium tuberculosis	Mycobacterium tuberculosis complex sp.	same_genus	EXACT_md5	False	0.044	None	[('Mycobacterium tuberculosis', 4.4), ('Mycobacterium canettii', 0.1), ('Listeria monocytogenes', 0.0)]	species-level reads support A only
ERR1465726	ERR552017	PRJEB11460	PRJEB6273	Mycobacterium tuberculosis	Mycobacterium tuberculosis complex sp.	same_genus	EXACT_md5	False	0.0416	None	[('Mycobacterium tuberculosis', 4.2), ('Mycobacterium canettii', 0.1), ('Mycobacterium bovis', 0.0)]	species-level reads support A only
ERR1465864	ERR550666	PRJEB11460	PRJEB6273	Mycobacterium tuberculosis	Mycobacterium tuberculosis complex sp.	same_genus	EXACT_md5	False	0.0327	None	[('Mycobacterium tuberculosis', 3.3), ('Mycobacterium canettii', 0.1), ('Mycobacterium bovis', 0.0)]	species-level reads support A only
ERR1199100	ERR1654678	PRJEB11460	PRJEB15463	Mycobacterium tuberculosis	Mycobacterium tuberculosis complex sp.	same_genus	EXACT_md5	True	0.0358	None	[('Mycobacterium tuberculosis', 3.6), ('Mycobacterium canettii', 0.1), ('Mycobacterium africanum', 0.0)]	species-level reads support A only
ERR1654678	ERR2707074	PRJEB15463	PRJEB27847	Mycobacterium tuberculosis complex sp.	Mycobacterium tuberculosis	same_genus	EXACT_md5	False	None	0.0358	[('Mycobacterium tuberculosis', 3.6), ('Mycobacterium canettii', 0.1), ('Mycobacterium africanum', 0.0)]	species-level reads support B only
ERR1199123	ERR1654706	PRJEB11460	PRJEB15463	Mycobacterium tuberculosis	Mycobacterium tuberculosis complex sp.	same_genus	EXACT_md5	True	0.0363	None	[('Mycobacterium tuberculosis', 3.6), ('Mycobacterium canettii', 0.1), ('Mycobacterium bovis', 0.0)]	species-level reads support A only
ERR1654706	ERR2707223	PRJEB15463	PRJEB27847	Mycobacterium tuberculosis complex sp.	Mycobacterium tuberculosis	same_genus	EXACT_md5	False	None	0.0363	[('Mycobacterium tuberculosis', 3.6), ('Mycobacterium canettii', 0.1), ('Mycobacterium bovis', 0.0)]	species-level reads support B only
ERR1654690	ERR2707124	PRJEB15463	PRJEB27847	Mycobacterium tuberculosis complex sp.	Mycobacterium tuberculosis	same_genus	EXACT_md5	False	None	0.0383	[('Mycobacterium tuberculosis', 3.8), ('Mycobacterium canettii', 0.1), ('Mycobacterium bovis', 0.0)]	species-level reads support B only
ERR957226	ERR993554	PRJEB9815	PRJEB10590	Bacteria aborigena	Bacteria ambigua	same_genus	EXACT_md5	True	0.0	0.0	[('Prevotella copri', 6.5), ('Ligilactobacillus ruminis', 5.4), ('[Eubacterium] rectale', 4.5)]	species-level reads support neither
ERR1465842	ERR551131	PRJEB11460	PRJEB9680	Mycobacterium tuberculosis	Mycobacterium tuberculosis complex sp.	same_genus	EXACT_md5	False	0.0443	None	[('Mycobacterium tuberculosis', 4.4), ('Mycobacterium canettii', 0.0), ('Mycobacterium bovis', 0.0)]	species-level reads support A only
ERR1654703	ERR2707200	PRJEB15463	PRJEB27847	Mycobacterium tuberculosis complex sp.	Mycobacterium tuberculosis	same_genus	EXACT_md5	False	None	0.0355	[('Mycobacterium tuberculosis', 3.6), ('Mycobacterium canettii', 0.1), ('Mycobacterium africanum', 0.0)]	species-level reads support B only
ERR990710	ERR993547	PRJEB10578	PRJEB10590	Bacteria aborigena	Bacteria ambigua	same_genus	EXACT_md5	True	0.0	0.0	[('Clostridium sp. CL-2', 0.9), ('[Clostridium] spiroforme', 0.4), ('Ruminococcus sp. HUN007', 0.2)]	species-level reads support neither
ERR990671	ERR993529	PRJEB10578	PRJEB10590	Bacteria aborigena	Bacteria ambigua	same_genus	EXACT_md5	True	0.0	0.0	[('Clostridium sp. CL-2', 0.6), ('Alistipes putredinis', 0.5), ('Bacteroides caccae', 0.4)]	species-level reads support neither
ERR1465849	ERR553360	PRJEB11460	PRJEB6273	Mycobacterium tuberculosis	Mycobacterium tuberculosis complex sp.	same_genus	EXACT_md5	False	0.0317	None	[('Mycobacterium tuberculosis', 3.2), ('Mycobacterium canettii', 0.1), ('Mycobacterium bovis', 0.0)]	species-level reads support A only
ERR1199122	ERR1654651	PRJEB11460	PRJEB15463	Mycobacterium tuberculosis	Mycobacterium tuberculosis complex sp.	same_genus	EXACT_md5	True	0.034	None	[('Mycobacterium tuberculosis', 3.4), ('Mycobacterium canettii', 0.1), ('Mycobacterium bovis', 0.0)]	species-level reads support A only
ERR1654651	ERR2706926	PRJEB15463	PRJEB27847	Mycobacterium tuberculosis complex sp.	Mycobacterium tuberculosis	same_genus	EXACT_md5	False	None	0.034	[('Mycobacterium tuberculosis', 3.4), ('Mycobacterium canettii', 0.1), ('Mycobacterium bovis', 0.0)]	species-level reads support B only
ERR1465866	ERR551229	PRJEB11460	PRJEB9680	Mycobacterium tuberculosis	Mycobacterium tuberculosis complex sp.	same_genus	EXACT_md5	True	0.0309	None	[('Mycobacterium tuberculosis', 3.1), ('Mycobacterium canettii', 0.0), ('Mycobacterium bovis', 0.0)]	species-level reads support A only
ERR842814	ERR843282	PRJEB9004	PRJEB9031	uncultured archaeon	uncultured bacterium	same_genus	EXACT_md5	True	None	None	[('Desulfovibrio vulgaris', 33.8), ('Pseudomonas stutzeri', 16.9), ('Candidatus Methanoperedens nitroreducens', 0.1)]	untestable (no species-level claim on either side)
ERR1465868	ERR551395	PRJEB11460	PRJEB9680	Mycobacterium tuberculosis	Mycobacterium tuberculosis complex sp.	same_genus	EXACT_md5	False	0.0303	None	[('Mycobacterium tuberculosis', 3.0), ('Mycobacterium canettii', 0.1), ('Clostridioides difficile', 0.0)]	species-level reads support A only
ERR1654658	ERR2706968	PRJEB15463	PRJEB27847	Mycobacterium tuberculosis complex sp.	Mycobacterium tuberculosis	same_genus	EXACT_md5	False	None	0.0357	[('Mycobacterium tuberculosis', 3.6), ('Mycobacterium canettii', 0.1), ('Mycobacterium bovis', 0.0)]	species-level reads support B only
ERR1637347	ERR2179535	PRJEB15412	PRJEB9777	Medicago prostrata	Medicago radiata	same_genus	EXACT_md5	False	0.0	0.0	[('Medicago truncatula', 78.8), ('Cicer arietinum', 1.0), ('Glycine max', 0.1)]	species-level reads support neither
ERR1465880	ERR552014	PRJEB11460	PRJEB9680	Mycobacterium tuberculosis	Mycobacterium tuberculosis complex sp.	same_genus	EXACT_md5	True	0.0315	None	[('Mycobacterium tuberculosis', 3.1), ('Mycobacterium canettii', 0.0), ('Homo sapiens', 0.0)]	species-level reads support A only
ERR1199101	ERR1654643	PRJEB11460	PRJEB15463	Mycobacterium tuberculosis	Mycobacterium tuberculosis complex sp.	same_genus	EXACT_md5	True	0.0351	None	[('Mycobacterium tuberculosis', 3.5), ('Mycobacterium canettii', 0.1), ('Mycobacterium bovis', 0.0)]	species-level reads support A only
ERR1465725	ERR551098	PRJEB11460	PRJEB9680	Mycobacterium tuberculosis	Mycobacterium tuberculosis complex sp.	same_genus	EXACT_md5	True	0.0302	None	[('Mycobacterium tuberculosis', 3.0), ('Mycobacterium canettii', 0.0), ('Mycobacterium bovis', 0.0)]	species-level reads support A only
ERR016531	ERR024102	PRJEB2264	PRJEB2338	Triticum aestivum	Solanum phureja	same_higher_depth7	EXACT_md5	False	0.0	0.0	[('Solanum tuberosum', 45.7), ('Aegilops tauschii', 34.9), ('Klebsiella pneumoniae', 0.0)]	species-level reads support neither
ERR1654681	ERR2707083	PRJEB15463	PRJEB27847	Mycobacterium tuberculosis complex sp.	Mycobacterium tuberculosis	same_genus	EXACT_md5	False	None	0.0371	[('Mycobacterium tuberculosis', 3.7), ('Mycobacterium canettii', 0.1), ('Mycobacterium bovis', 0.0)]	species-level reads support B only
ERR1654684	ERR2707095	PRJEB15463	PRJEB27847	Mycobacterium tuberculosis complex sp.	Mycobacterium tuberculosis	same_genus	EXACT_md5	False	None	0.0347	[('Mycobacterium tuberculosis', 3.5), ('Mycobacterium canettii', 0.1), ('Mycobacterium bovis', 0.0)]	species-level reads support B only
ERR841744	ERR863843	PRJEB9004	PRJEB9160	uncultured archaeon	uncultured fungus	same_genus	EXACT_md5	True	None	None	[('Sarocladium kiliense', 91.3), ('Pleurostoma ochraceum', 0.0), ('Methanogenium cariaci', 0.0)]	untestable (no species-level claim on either side)
ERR1199120	ERR1654688	PRJEB11460	PRJEB15463	Mycobacterium tuberculosis	Mycobacterium tuberculosis complex sp.	same_genus	EXACT_md5	True	0.0364	None	[('Mycobacterium tuberculosis', 3.6), ('Mycobacterium canettii', 0.1), ('Mycobacterium bovis', 0.0)]	species-level reads support A only
ERR1654688	ERR2707109	PRJEB15463	PRJEB27847	Mycobacterium tuberculosis complex sp.	Mycobacterium tuberculosis	same_genus	EXACT_md5	False	None	0.0364	[('Mycobacterium tuberculosis', 3.6), ('Mycobacterium canettii', 0.1), ('Mycobacterium bovis', 0.0)]	species-level reads support B only
ERR1654656	ERR2706960	PRJEB15463	PRJEB27847	Mycobacterium tuberculosis complex sp.	Mycobacterium tuberculosis	same_genus	EXACT_md5	False	None	0.035	[('Mycobacterium tuberculosis', 3.5), ('Mycobacterium canettii', 0.1), ('Mycobacterium bovis', 0.0)]	species-level reads support B only
ERR1199113	ERR1654644	PRJEB11460	PRJEB15463	Mycobacterium tuberculosis	Mycobacterium tuberculosis complex sp.	same_genus	EXACT_md5	True	0.0359	None	[('Mycobacterium tuberculosis', 3.6), ('Mycobacterium canettii', 0.1), ('Mycobacterium bovis', 0.0)]	species-level reads support A only
ERR1654644	ERR2706919	PRJEB15463	PRJEB27847	Mycobacterium tuberculosis complex sp.	Mycobacterium tuberculosis	same_genus	EXACT_md5	False	None	0.0359	[('Mycobacterium tuberculosis', 3.6), ('Mycobacterium canettii', 0.1), ('Mycobacterium bovis', 0.0)]	species-level reads support B only
ERR1199106	ERR1654671	PRJEB11460	PRJEB15463	Mycobacterium tuberculosis	Mycobacterium tuberculosis complex sp.	same_genus	EXACT_md5	True	0.0381	None	[('Mycobacterium tuberculosis', 3.8), ('Mycobacterium canettii', 0.1), ('Mycobacterium bovis', 0.0)]	species-level reads support A only
ERR1654671	ERR2707051	PRJEB15463	PRJEB27847	Mycobacterium tuberculosis complex sp.	Mycobacterium tuberculosis	same_genus	EXACT_md5	False	None	0.0381	[('Mycobacterium tuberculosis', 3.8), ('Mycobacterium canettii', 0.1), ('Mycobacterium bovis', 0.0)]	species-level reads support B only
ERR1654692	ERR2707129	PRJEB15463	PRJEB27847	Mycobacterium tuberculosis complex sp.	Mycobacterium tuberculosis	same_genus	EXACT_md5	False	None	0.0359	[('Mycobacterium tuberculosis', 3.6), ('Mycobacterium canettii', 0.1), ('Mycobacterium africanum', 0.0)]	species-level reads support B only
ERR1654698	ERR2707174	PRJEB15463	PRJEB27847	Mycobacterium tuberculosis complex sp.	Mycobacterium tuberculosis	same_genus	EXACT_md5	False	None	0.0374	[('Mycobacterium tuberculosis', 3.7), ('Mycobacterium canettii', 0.1), ('Mycobacterium bovis', 0.0)]	species-level reads support B only
ERR1465873	ERR551752	PRJEB11460	PRJEB9680	Mycobacterium tuberculosis	Mycobacterium tuberculosis complex sp.	same_genus	EXACT_md5	True	0.0294	None	[('Mycobacterium tuberculosis', 2.9), ('Mycobacterium canettii', 0.0), ('Pseudomonas aeruginosa', 0.0)]	species-level reads support A only
ERR842804	ERR843261	PRJEB9004	PRJEB9031	uncultured archaeon	uncultured bacterium	same_genus	EXACT_md5	True	None	None	[('Desulfovibrio vulgaris', 26.0), ('Candidatus Methanoperedens nitroreducens', 6.9)]	untestable (no species-level claim on either side)
ERR842804	ERR863841	PRJEB9004	PRJEB9160	uncultured archaeon	uncultured bacterium	same_genus	EXACT_md5	True	None	None	[('Desulfovibrio vulgaris', 26.0), ('Candidatus Methanoperedens nitroreducens', 6.9)]	untestable (no species-level claim on either side)
ERR1654660	ERR2706990	PRJEB15463	PRJEB27847	Mycobacterium tuberculosis complex sp.	Mycobacterium tuberculosis	same_genus	EXACT_md5	False	None	0.0296	[('Mycobacterium tuberculosis', 3.0), ('Mycobacterium canettii', 0.1), ('Mycobacterium bovis', 0.0)]	species-level reads support B only
ERR990681	ERR993534	PRJEB10578	PRJEB10590	Bacteria aborigena	Bacteria ambigua	same_genus	EXACT_md5	True	0.0	0.0	[('Dialister invisus', 0.8), ('Streptococcus thermophilus', 0.2), ('[Clostridium] spiroforme', 0.1)]	species-level reads support neither
ERR1102740	ERR1250299	PRJEB11563	PRJEB12660	Bos indicus	Bos taurus	same_genus	EXACT_md5	True	0.0	0.0	[('Bubalus bubalis', 39.6), ('Fibrobacter sp. UWT2', 0.9), ('Ruminococcus flavefaciens', 0.8)]	species-level reads support neither
ERR1102753	ERR1250299	PRJEB11576	PRJEB12660	Bos indicus gudali	Bos taurus	same_genus	EXACT_md5	True	0.0	0.0	[('Bubalus bubalis', 39.6), ('Fibrobacter sp. UWT2', 0.9), ('Ruminococcus flavefaciens', 0.8)]	species-level reads support neither
ERR1193844	ERR552592	PRJEB11460	PRJEB9545	Mycobacterium tuberculosis	Mycobacterium tuberculosis complex sp.	same_genus	None	False	0.0688	None	[('Mycobacterium tuberculosis', 6.9), ('Mycobacterium canettii', 0.2), ('Mycobacterium bovis', 0.0)]	species-level reads support A only
ERR1193845	ERR553229	PRJEB11460	PRJEB9545	Mycobacterium tuberculosis	Mycobacterium tuberculosis complex sp.	same_genus	None	False	0.0646	None	[('Mycobacterium tuberculosis', 6.5), ('Mycobacterium canettii', 0.2), ('Mycobacterium bovis', 0.0)]	species-level reads support A only
ERR1193889	ERR2199922	PRJEB11460	PRJEB9680	Mycobacterium tuberculosis	Mycobacterium tuberculosis complex sp.	same_genus	None	False	0.0695	None	[('Mycobacterium tuberculosis', 6.9), ('Mycobacterium canettii', 0.2), ('Mycobacterium bovis', 0.0)]	species-level reads support A only
ERR1745349	ERR2027644	PRJEB18457	PRJEB21687	uncultured bacterium	uncultured archaeon	same_genus	None	False	None	None	[('Methanothrix soehngenii', 0.9), ('Desulfarculus baarsii', 0.2), ('Clostridium butyricum', 0.1)]	untestable (no species-level claim on either side)
ERR1193884	ERR2199931	PRJEB11460	PRJEB9680	Mycobacterium tuberculosis	Mycobacterium tuberculosis complex sp.	same_genus	None	False	0.0657	None	[('Mycobacterium tuberculosis', 6.6), ('Mycobacterium canettii', 0.2), ('Mycobacterium africanum', 0.0)]	species-level reads support A only
ERR1512900	SRR3736780	PRJEB14646	PRJNA326914	Chryseobacterium sp. 113(2015)	Chryseobacterium sp. CBo1	same_genus	None	False	0.0	0.0	[('Chryseobacterium formosense', 65.2), ('Chryseobacterium sp. CF356', 3.9), ('Empedobacter falsenii', 2.2)]	species-level reads support neither
SRR6797946	SRR7004093	PRJNA436448	PRJNA436750	Homo sapiens	Mus musculus	same_higher_depth9	None	True	0.0	0.0	[]	species-level reads support neither
SRR5253924	SRR5986487	PRJNA357678	PRJNA399227	Mus musculus	Homo sapiens	same_higher_depth9	None	False	0.0	0.0	[('Esox lucius', 100.0)]	species-level reads support neither
ERR1745347	ERR2027635	PRJEB18457	PRJEB21687	uncultured bacterium	uncultured archaeon	same_genus	None	False	None	None	[('Methanothrix soehngenii', 0.7), ('Sulfuricurvum kujiense', 0.5), ('Clostridium butyricum', 0.2)]	untestable (no species-level claim on either side)
SRR6797947	SRR7004092	PRJNA436448	PRJNA436750	Homo sapiens	Mus musculus	same_higher_depth9	None	False	0.0	0.0	[]	species-level reads support neither
SRR6797945	SRR7004094	PRJNA436448	PRJNA436750	Homo sapiens	Mus musculus	same_higher_depth9	None	False	0.5146	0.0	[('Homo sapiens', 51.5)]	species-level reads support A only
ERR1193835	ERR552230	PRJEB11460	PRJEB6273	Mycobacterium tuberculosis	Mycobacterium tuberculosis complex sp.	same_genus	None	False	0.0712	None	[('Mycobacterium tuberculosis', 7.1), ('Mycobacterium canettii', 0.2), ('Mycobacterium africanum', 0.0)]	species-level reads support A only
ERR1193850	ERR551961	PRJEB11460	PRJEB9545	Mycobacterium tuberculosis	Mycobacterium tuberculosis complex sp.	same_genus	None	True	0.0712	None	[('Mycobacterium tuberculosis', 7.1), ('Mycobacterium canettii', 0.2), ('Mycobacterium bovis', 0.0)]	species-level reads support A only
ERR1745350	ERR2027638	PRJEB18457	PRJEB21687	uncultured bacterium	uncultured archaeon	same_genus	None	False	None	None	[('Methanothrix soehngenii', 19.1), ('Sulfuricurvum kujiense', 13.4), ('Clostridium butyricum', 0.0)]	untestable (no species-level claim on either side)
ERR2120301	SRR7069269	PRJEB22358	PRJNA302362	Mycobacterium tuberculosis complex sp.	Mycobacterium tuberculosis	same_genus	None	False	None	0.0333	[('Mycobacterium tuberculosis', 3.3), ('Mycobacterium gordonae', 0.1), ('Mycobacterium canettii', 0.1)]	species-level reads support B only
ERR1193852	ERR553316	PRJEB11460	PRJEB9545	Mycobacterium tuberculosis	Mycobacterium tuberculosis complex sp.	same_genus	None	True	0.0699	None	[('Mycobacterium tuberculosis', 7.0), ('Mycobacterium canettii', 0.2), ('Mycobacterium bovis', 0.0)]	species-level reads support A only
ERR1193851	ERR550879	PRJEB11460	PRJEB9545	Mycobacterium tuberculosis	Mycobacterium tuberculosis complex sp.	same_genus	None	True	0.0716	None	[('Mycobacterium tuberculosis', 7.2), ('Mycobacterium canettii', 0.3), ('Mycobacterium bovis', 0.0)]	species-level reads support A only
SRR6800252	SRR7146021	PRJNA436188	PRJNA470898	Mus musculus	Brassica napus	same_higher_depth1	None	False	0.0	0.0	[]	species-level reads support neither
SRR6800258	SRR7146012	PRJNA436188	PRJNA470898	Mus musculus	Brassica napus	same_higher_depth1	None	False	0.0	0.0	[]	species-level reads support neither
ERR595980	ERR993540	PRJEB7053	PRJEB10590	Bacteria aborigena	Bacteria ambigua	same_genus	None	True	0.0	0.0	[('Clostridium sp. CL-2', 1.9), ('Streptococcus thermophilus', 0.2), ('Slackia piriformis', 0.1)]	species-level reads support neither
SRR6800257	SRR7146011	PRJNA436188	PRJNA470898	Mus musculus	Brassica napus	same_higher_depth1	CONFIRMED	False	0.0	0.0	[]	species-level reads support neither
ERR595968	ERR993534	PRJEB7053	PRJEB10590	Bacteria aborigena	Bacteria ambigua	same_genus	None	True	0.0	0.0	[('Dialister invisus', 0.8), ('Streptococcus thermophilus', 0.2), ('[Clostridium] spiroforme', 0.1)]	species-level reads support neither
ERR2120299	SRR7070162	PRJEB22358	PRJNA302362	Mycobacterium tuberculosis complex sp.	Mycobacterium tuberculosis	same_genus	None	False	None	0.0308	[('Mycobacterium tuberculosis', 3.1), ('Mycobacterium gordonae', 0.1), ('Mycobacterium canettii', 0.1)]	species-level reads support B only
SRR340034	SRR346135	PRJNA72625	PRJNA80143	Gossypium barbadense	Gossypium arboreum	same_genus	CONFIRMED	True	0.0	0.0	[]	species-level reads support neither
ERR1193848	ERR551404	PRJEB11460	PRJEB9545	Mycobacterium tuberculosis	Mycobacterium tuberculosis complex sp.	same_genus	None	False	0.0681	None	[('Mycobacterium tuberculosis', 6.8), ('Mycobacterium canettii', 0.2), ('Mycobacterium bovis', 0.0)]	species-level reads support A only
ERR1193831	ERR552386	PRJEB11460	PRJEB6273	Mycobacterium tuberculosis	Mycobacterium tuberculosis complex sp.	same_genus	None	False	0.0671	None	[('Mycobacterium tuberculosis', 6.7), ('Mycobacterium canettii', 0.2), ('Mycobacterium abscessus', 0.0)]	species-level reads support A only
SRR340033	SRR346324	PRJNA72625	PRJNA80145	Gossypium arboreum	Gossypium barbadense	same_genus	CONFIRMED	True	0.0	0.0	[('Isoetes flaccida', 0.1)]	species-level reads support neither
ERR1893484	ERR842978	PRJEB20096	PRJEB7053	Bacteria aetolus	Bacteria aborigena	same_genus	None	False	0.0	0.0	[('Streptococcus pneumoniae', 0.3), ('Massilioclostridium coli', 0.0), ('Adlercreutzia equolifaciens', 0.0)]	species-level reads support neither
ERR595972	ERR993543	PRJEB7053	PRJEB10590	Bacteria aborigena	Bacteria ambigua	same_genus	None	True	0.0	0.0	[('Streptococcus thermophilus', 0.8), ('Adlercreutzia equolifaciens', 0.2), ('Ruminococcus sp. HUN007', 0.0)]	species-level reads support neither
ERR595966	ERR993547	PRJEB7053	PRJEB10590	Bacteria aborigena	Bacteria ambigua	same_genus	None	True	0.0	0.0	[('Clostridium sp. CL-2', 0.9), ('[Clostridium] spiroforme', 0.4), ('Ruminococcus sp. HUN007', 0.2)]	species-level reads support neither
ERR1193872	ERR551924	PRJEB11460	PRJEB7727	Mycobacterium tuberculosis	Mycobacterium tuberculosis complex sp.	same_genus	None	True	0.0718	None	[('Mycobacterium tuberculosis', 7.2), ('Mycobacterium canettii', 0.2), ('Mycobacterium bovis', 0.0)]	species-level reads support A only
SRR090139	SRR090222	PRJNA53813	PRJNA53793	Staphylococcus epidermidis IS-250	Staphylococcus aureus subsp. aureus IS-91	same_genus	CONFIRMED	True	0.0236	0.7696	[('Staphylococcus aureus', 77.0), ('Staphylococcus epidermidis', 2.4), ('Escherichia coli', 0.1)]	species-level reads support B only
SRR090139	SRR090228	PRJNA53813	PRJNA53795	Staphylococcus epidermidis IS-250	Staphylococcus aureus subsp. aureus IS-99	same_genus	CONFIRMED	True	0.0236	0.7696	[('Staphylococcus aureus', 77.0), ('Staphylococcus epidermidis', 2.4), ('Escherichia coli', 0.1)]	species-level reads support B only
ERR595960	ERR993541	PRJEB7053	PRJEB10590	Bacteria aborigena	Bacteria ambigua	same_genus	CONFIRMED	True	0.0	0.0	[('Clostridium sp. CL-2', 1.8), ('Streptococcus thermophilus', 1.4), ('[Clostridium] spiroforme', 0.4)]	species-level reads support neither
ERR1893481	ERR842973	PRJEB20096	PRJEB7053	Bacteria aetolus	Bacteria aborigena	same_genus	None	False	0.0	0.0	[('Clostridioides difficile', 1.1), ('Streptococcus pneumoniae', 0.1), ('Acanthamoeba polyphaga mimivirus', 0.0)]	species-level reads support neither
ERR2120302	SRR7069848	PRJEB22358	PRJNA302362	Mycobacterium tuberculosis complex sp.	Mycobacterium tuberculosis	same_genus	None	False	None	0.0281	[('Mycobacterium tuberculosis', 2.8), ('Mycobacteroides abscessus', 0.1), ('Mycobacterium canettii', 0.1)]	species-level reads support B only
SRR3440951	SRR3734707	PRJNA84221	PRJNA324615	Pelosinus fermentans DSM 17108	Acetivibrio thermocellus DSM 2360	same_higher_depth3	None	False	0.0	0.0	[('Ruminiclostridium thermocellum', 97.6), ('Aptenodytes forsteri', 0.0)]	species-level reads support neither
SRR3440954	SRR3734708	PRJNA84221	PRJNA324615	Pelosinus fermentans DSM 17108	Acetivibrio thermocellus DSM 2360	same_higher_depth3	None	False	0.0	0.0	[('Ruminiclostridium thermocellum', 94.8), ('[Clostridium] straminisolvens', 0.0), ('Geomicrobium sp. JCM 19039', 0.0)]	species-level reads support neither
SRR2133631	SRR2983847	PRJNA12555	PRJNA10769	Bos taurus	Zea mays	same_higher_depth1	None	False	0.1479	0.0	[('Bos taurus', 14.8), ('Bison bison', 2.5), ('Ovis aries', 2.4)]	species-level reads support A only
SRR3123448	SRR4051820	PRJNA308790	PRJNA339509	Apis mellifera	Apis cerana	same_genus	None	False	0.6548	0.0	[('Apis mellifera', 65.5), ('Gossypium hirsutum', 0.4), ('Apis dorsata', 0.3)]	species-level reads support A only
ERR595977	ERR993533	PRJEB7053	PRJEB10590	Bacteria aborigena	Bacteria ambigua	same_genus	None	True	0.0	0.0	[('Clostridium sp. CL-2', 12.9), ('Streptococcus thermophilus', 0.2), ('Eubacterium limosum', 0.1)]	species-level reads support neither
SRR2011289	SRR2012595	PRJNA282184	PRJNA282185	Solanum lycopersicum	Solanum habrochaites	same_genus	None	True	0.0887	0.0	[('Solanum pennellii', 11.0), ('Solanum lycopersicum', 8.9), ('Solanum tuberosum', 1.0)]	species-level reads support A only
ERR595969	ERR993532	PRJEB7053	PRJEB10590	Bacteria aborigena	Bacteria ambigua	same_genus	None	True	0.0	0.0	[('Succinivibrio dextrinosolvens', 10.8), ('Elusimicrobium minutum', 1.1), ('Allofustis seminis', 0.2)]	species-level reads support neither
SRR2011474	SRR3420507	PRJNA282814	PRJNA319039	Microplitis demolitor	Bracoviriform demolitoris	disjoint	None	False	0.9234	0.0	[('Microplitis demolitor', 92.3), ('Microplitis demolitor bracovirus', 6.8), ('Cotesia vestalis', 0.0)]	species-level reads support A only
ERR595964	ERR993538	PRJEB7053	PRJEB10590	Bacteria aborigena	Bacteria ambigua	same_genus	None	True	0.0	0.0	[('Clostridium sp. CL-2', 0.8), ('Streptococcus thermophilus', 0.1), ('Coxiella burnetii', 0.1)]	species-level reads support neither
ERR595970	ERR993530	PRJEB7053	PRJEB10590	Bacteria aborigena	Bacteria ambigua	same_genus	None	True	0.0	0.0	[('Streptococcus thermophilus', 7.5), ('Streptococcus pneumoniae', 0.2), ('Abiotrophia defectiva', 0.1)]	species-level reads support neither
ERR595963	ERR993549	PRJEB7053	PRJEB10590	Bacteria aborigena	Bacteria ambigua	same_genus	None	True	0.0	0.0	[('Streptococcus thermophilus', 6.2), ('Enterococcus faecium', 0.2), ('Streptococcus pneumoniae', 0.1)]	species-level reads support neither
ERR595973	ERR993535	PRJEB7053	PRJEB10590	Bacteria aborigena	Bacteria ambigua	same_genus	None	True	0.0	0.0	[('[Clostridium] spiroforme', 1.0), ('Clostridium sp. CL-2', 0.6), ('Streptococcus thermophilus', 0.3)]	species-level reads support neither
ERR1893480	ERR842994	PRJEB20096	PRJEB7053	Bacteria aetolus	Bacteria aborigena	same_genus	None	False	0.0	0.0	[('Clostridioides difficile', 1.6), ('Streptococcus pneumoniae', 0.1), ('Methanosphaera stadtmanae', 0.1)]	species-level reads support neither
ERR2120296	SRR7069382	PRJEB22358	PRJNA302362	Mycobacterium tuberculosis complex sp.	Mycobacterium tuberculosis	same_genus	None	False	None	0.036	[('Mycobacterium tuberculosis', 3.6), ('Mycobacterium canettii', 0.1), ('Mycobacteroides abscessus', 0.0)]	species-level reads support B only
ERR595959	ERR993536	PRJEB7053	PRJEB10590	Bacteria aborigena	Bacteria ambigua	same_genus	None	True	0.0	0.0	[('Clostridium sp. CL-2', 0.6), ('Adlercreutzia equolifaciens', 0.1), ('Streptococcus thermophilus', 0.1)]	species-level reads support neither
ERR1893495	ERR842985	PRJEB20096	PRJEB7053	Bacteria aetolus	Bacteria aborigena	same_genus	None	False	0.0	0.0	[('Streptococcus pneumoniae', 0.7), ('Clostridioides difficile', 0.6), ('Adlercreutzia equolifaciens', 0.0)]	species-level reads support neither
SRR2891248	SRR6680929	PRJNA300644	PRJNA433223	Tripidium procerum	Saccharum hybrid cultivar	same_higher_depth14	None	False	0.0	0.0	[('Sorghum bicolor', 52.0), ('Zea mays', 13.7), ('Setaria italica', 2.0)]	species-level reads support neither
ERR1893483	ERR842986	PRJEB20096	PRJEB7053	Bacteria aetolus	Bacteria aborigena	same_genus	None	False	0.0	0.0	[('Clostridioides difficile', 1.4), ('Mitsuokella multacida', 0.4), ('Methanosphaera stadtmanae', 0.2)]	species-level reads support neither
ERR1893493	ERR842970	PRJEB20096	PRJEB7053	Bacteria aetolus	Bacteria aborigena	same_genus	None	False	0.0	0.0	[('Clostridioides difficile', 1.9), ('Streptococcus pneumoniae', 0.3), ('Enterococcus faecium', 0.1)]	species-level reads support neither
SRR2891271	SRR6680785	PRJNA300644	PRJNA433223	Tripidium rufipilum	Saccharum hybrid cultivar	same_higher_depth14	CONFIRMED	False	0.0	0.0	[('Sorghum bicolor', 52.2), ('Zea mays', 13.7), ('Setaria italica', 2.0)]	species-level reads support neither
ERR595976	ERR993546	PRJEB7053	PRJEB10590	Bacteria aborigena	Bacteria ambigua	same_genus	None	True	0.0	0.0	[('Succinivibrio dextrinosolvens', 17.9), ('Elusimicrobium minutum', 1.2), ('Allofustis seminis', 0.1)]	species-level reads support neither
SRR7734243	SRR7734425	PRJNA487114	PRJNA487138	Abies homolepis	Gallus gallus	same_higher_depth1	None	True	0.0	0.4534	[('Gallus gallus', 45.3), ('Chlamydia abortus', 0.1), ('Numida meleagris', 0.1)]	species-level reads support B only
ERR595979	ERR993542	PRJEB7053	PRJEB10590	Bacteria aborigena	Bacteria ambigua	same_genus	None	True	0.0	0.0	[('Clostridium sp. CL-2', 1.0), ('Streptococcus thermophilus', 0.6), ('Ruminococcus sp. HUN007', 0.4)]	species-level reads support neither
ERR595975	ERR993550	PRJEB7053	PRJEB10590	Bacteria aborigena	Bacteria ambigua	same_genus	None	True	0.0	0.0	[('Bacteroides stercoris', 2.5), ('Dialister invisus', 1.0), ('Streptococcus thermophilus', 0.3)]	species-level reads support neither
ERR595971	ERR993529	PRJEB7053	PRJEB10590	Bacteria aborigena	Bacteria ambigua	same_genus	None	True	0.0	0.0	[('Clostridium sp. CL-2', 0.6), ('Alistipes putredinis', 0.5), ('Bacteroides caccae', 0.4)]	species-level reads support neither
ERR595961	ERR993551	PRJEB7053	PRJEB10590	Bacteria aborigena	Bacteria ambigua	same_genus	None	True	0.0	0.0	[('Collinsella sp. MS5', 1.3), ('Methanosphaera stadtmanae', 0.2), ('Streptococcus thermophilus', 0.1)]	species-level reads support neither
ERR595967	ERR993545	PRJEB7053	PRJEB10590	Bacteria aborigena	Bacteria ambigua	same_genus	None	True	0.0	0.0	[('[Clostridium] spiroforme', 0.3), ('Clostridium sp. CL-2', 0.2), ('Dialister invisus', 0.1)]	species-level reads support neither
ERR2120300	SRR7069613	PRJEB22358	PRJNA302362	Mycobacterium tuberculosis complex sp.	Mycobacterium tuberculosis	same_genus	None	False	None	0.0327	[('Mycobacterium tuberculosis', 3.3), ('Mycobacterium gordonae', 0.1), ('Mycobacterium canettii', 0.1)]	species-level reads support B only
SRR6797994	SRR6800207	PRJNA436448	PRJNA436188	Homo sapiens	Mus musculus	same_higher_depth9	None	True	0.0	0.0	[('Clostridioides difficile', 0.0)]	species-level reads support neither
ERR1193869	ERR551197	PRJEB11460	PRJEB7727	Mycobacterium tuberculosis	Mycobacterium tuberculosis complex sp.	same_genus	None	False	0.0688	None	[('Mycobacterium tuberculosis', 6.9), ('Mycobacterium canettii', 0.1), ('Mycobacterium bovis', 0.0)]	species-level reads support A only
ERR1193895	ERR2199952	PRJEB11460	PRJEB9680	Mycobacterium tuberculosis	Mycobacterium tuberculosis complex sp.	same_genus	None	False	0.0731	None	[('Mycobacterium tuberculosis', 7.3), ('Mycobacterium canettii', 0.3), ('Mycobacterium bovis', 0.0)]	species-level reads support A only
SRR3133790	SRR3138167	PRJNA310178	PRJNA310407	Acidobacterium capsulatum	Segatella albensis	same_higher_depth2	None	True	0.0	0.0	[('Allobaculum stercoricanis', 0.9), ('Filifactor alocis', 0.2), ('Helcococcus sueciensis', 0.0)]	species-level reads support neither
ERR1893496	ERR842972	PRJEB20096	PRJEB7053	Bacteria aetolus	Bacteria aborigena	same_genus	None	False	0.0	0.0	[('Clostridioides difficile', 1.2), ('Streptococcus pneumoniae', 0.5), ('Pseudomonas sp. NBRC 111131', 0.1)]	species-level reads support neither
ERR1893486	ERR842977	PRJEB20096	PRJEB7053	Bacteria aetolus	Bacteria aborigena	same_genus	None	False	0.0	0.0	[('Clostridioides difficile', 2.3), ('Methanosphaera stadtmanae', 0.5), ('Streptococcus pneumoniae', 0.1)]	species-level reads support neither
ERR1893490	ERR842968	PRJEB20096	PRJEB7053	Bacteria aetolus	Bacteria aborigena	same_genus	None	False	0.0	0.0	[('Clostridioides difficile', 1.6), ('Streptococcus pneumoniae', 0.1), ('Lachnobacterium bovis', 0.0)]	species-level reads support neither
ERR595965	ERR993544	PRJEB7053	PRJEB10590	Bacteria aborigena	Bacteria ambigua	same_genus	None	True	0.0	0.0	[('Streptococcus thermophilus', 0.3), ('Adlercreutzia equolifaciens', 0.1), ('Clostridium sp. SS2/1', 0.0)]	species-level reads support neither
ERR1893491	ERR842998	PRJEB20096	PRJEB7053	Bacteria aetolus	Bacteria aborigena	same_genus	None	False	0.0	0.0	[('Streptococcus pneumoniae', 0.7), ('Clostridioides difficile', 0.3), ('Pseudomonas sp. NBRC 111131', 0.2)]	species-level reads support neither
SRR070588	SRR071318	PRJNA53779	PRJNA53745	Staphylococcus lugdunensis VCU148	Staphylococcus epidermidis VCU111	same_genus	CONFIRMED	True	0.9818	0.0	[('Staphylococcus lugdunensis', 98.2), ('Staphylococcus aureus', 0.1), ('Prevotella disiens', 0.0)]	species-level reads support A only
SRR6797999	SRR6800220	PRJNA436448	PRJNA436188	Homo sapiens	Mus musculus	same_higher_depth9	None	True	0.0	0.0	[]	species-level reads support neither
SRR2899015	SRR6680762	PRJNA300644	PRJNA433223	Saccharum officinarum	Saccharum hybrid cultivar	same_genus	None	False	0.0	0.0	[('Sorghum bicolor', 59.7), ('Zea mays', 10.6), ('Setaria italica', 1.6)]	species-level reads support neither
ERR595974	ERR993539	PRJEB7053	PRJEB10590	Bacteria aborigena	Bacteria ambigua	same_genus	None	True	0.0	0.0	[('[Clostridium] spiroforme', 0.4), ('Adlercreutzia equolifaciens', 0.3), ('Streptococcus thermophilus', 0.3)]	species-level reads support neither
SRR7716681	SRR8327010	PRJNA486431	PRJNA510231	Colon	Homo sapiens	same_higher_depth2	None	False	None	0.1852	[('Homo sapiens', 18.5), ('Gorilla gorilla', 0.1), ('Pongo abelii', 0.1)]	species-level reads support B only
SRR7716682	SRR8327011	PRJNA486431	PRJNA510231	Colon	Homo sapiens	same_higher_depth2	None	False	None	0.1674	[('Homo sapiens', 16.7), ('Gorilla gorilla', 0.1), ('Pongo abelii', 0.1)]	species-level reads support B only
SRR6797996	SRR6800227	PRJNA436448	PRJNA436188	Homo sapiens	Mus musculus	same_higher_depth9	None	True	0.0	0.0	[('Crocodylus porosus', 0.0)]	species-level reads support neither
SRR000202	SRR627587	PRJNA12857	PRJNA74629	Sterkiella histriomuscorum	Oxytricha trifallax	same_higher_depth9	CONFIRMED	True	0.0	0.0	[('Hoeflea sp. 108', 10.9), ('Ornithorhynchus anatinus', 8.1), ('Pelomonas sp. Root1444', 3.1)]	species-level reads support neither
SRR1994461	SRR5161306	PRJNA281676	PRJNA315910	Synodontis nigriventris	Synodontis eupterus	same_genus	None	False	0.0	0.0	[('Astyanax mexicanus', 6.0), ('Salmo salar', 5.3), ('Synodontis schoutedeni', 2.8)]	species-level reads support neither
ERR1893482	ERR842981	PRJEB20096	PRJEB7053	Bacteria aetolus	Bacteria aborigena	same_genus	None	False	0.0	0.0	[('Streptococcus pneumoniae', 1.3), ('Pseudomonas sp. NBRC 111131', 0.1), ('Streptococcus marmotae', 0.0)]	species-level reads support neither
SRR6797998	SRR6800219	PRJNA436448	PRJNA436188	Homo sapiens	Mus musculus	same_higher_depth9	None	True	0.2557	0.0	[('Homo sapiens', 25.6)]	species-level reads support A only
ERR1893492	ERR842999	PRJEB20096	PRJEB7053	Bacteria aetolus	Bacteria aborigena	same_genus	None	False	0.0	0.0	[('Clostridioides difficile', 3.5), ('Methanosphaera stadtmanae', 3.2), ('Streptococcus pneumoniae', 0.1)]	species-level reads support neither
ERR1893485	ERR842967	PRJEB20096	PRJEB7053	Bacteria aetolus	Bacteria aborigena	same_genus	None	False	0.0	0.0	[('Streptococcus pneumoniae', 0.8), ('Pseudomonas sp. NBRC 111131', 0.1), ('Lactobacillus amylolyticus', 0.1)]	species-level reads support neither
SRR000199	SRR627584	PRJNA12857	PRJNA74629	Sterkiella histriomuscorum	Oxytricha trifallax	same_higher_depth9	CONFIRMED	True	0.0	0.0	[('Hoeflea sp. 108', 11.1), ('Ornithorhynchus anatinus', 8.4), ('Pelomonas sp. Root1444', 2.9)]	species-level reads support neither
SRR2899231	SRR6680894	PRJNA300644	PRJNA433223	Saccharum spontaneum	Saccharum hybrid cultivar	same_genus	None	False	0.0	0.0001	[('Sorghum bicolor', 57.7), ('Zea mays', 10.8), ('Setaria italica', 1.7)]	species-level reads support neither
SRR6797995	SRR6800206	PRJNA436448	PRJNA436188	Homo sapiens	Mus musculus	same_higher_depth9	None	True	0.0	0.0	[]	species-level reads support neither
ERR1893487	ERR842989	PRJEB20096	PRJEB7053	Bacteria aetolus	Bacteria aborigena	same_genus	None	False	0.0	0.0	[('Clostridioides difficile', 2.6), ('Methanosphaera stadtmanae', 0.8), ('Massilioclostridium coli', 0.1)]	species-level reads support neither
ERR1893494	ERR842975	PRJEB20096	PRJEB7053	Bacteria aetolus	Bacteria aborigena	same_genus	None	False	0.0	0.0	[('Clostridioides difficile', 2.3), ('Streptococcus pneumoniae', 0.2), ('Pseudomonas sp. NBRC 111131', 0.1)]	species-level reads support neither
SRR2899233	SRR6680714	PRJNA300644	PRJNA433223	Saccharum robustum	Saccharum hybrid cultivar	same_genus	None	False	0.0	0.0	[('Sorghum bicolor', 59.9), ('Zea mays', 10.6), ('Setaria italica', 1.6)]	species-level reads support neither
SRR1021212	SRR1031053	PRJNA207831	PRJNA207832	Escherichia coli O157:H7 str. EDL933	Listeria monocytogenes serotype 4b str. NCTC 11994	same_higher_depth1	CONFIRMED	True	0.0978	0.0	[('Escherichia coli', 9.8), ('Salmonella enterica', 0.2), ('Shigella dysenteriae', 0.0)]	species-level reads support A only
ERR1893488	ERR842974	PRJEB20096	PRJEB7053	Bacteria aetolus	Bacteria aborigena	same_genus	None	False	0.0	0.0	[('Bifidobacterium breve', 2.0), ('Streptococcus pneumoniae', 0.1), ('Pseudomonas sp. NBRC 111131', 0.1)]	species-level reads support neither
ERR595962	ERR993537	PRJEB7053	PRJEB10590	Bacteria aborigena	Bacteria ambigua	same_genus	CONFIRMED	True	0.0	0.0	[('Clostridium sp. CL-2', 1.1), ('Slackia piriformis', 0.8), ('Faecalitalea cylindroides', 0.2)]	species-level reads support neither
SRR9176953	SRR9188638	PRJNA545783	PRJNA545208	Bambusa pervariabilis	Bambusa pervariabilis x Bambusa grandis	same_genus	None	True	0.0	0.0	[('Fusarium verticillioides', 12.0), ('Brachypodium distachyon', 3.5), ('Oryza sativa', 2.7)]	species-level reads support neither
SRR000203	SRR627574	PRJNA12857	PRJNA74629	Sterkiella histriomuscorum	Oxytricha trifallax	same_higher_depth9	CONFIRMED	True	0.0	0.0	[('Cupriavidus basilensis', 4.3)]	species-level reads support neither
SRR2891264	SRR6680833	PRJNA300644	PRJNA433223	Saccharum sinense	Saccharum hybrid cultivar	same_genus	None	False	0.0	0.0	[('Sorghum bicolor', 58.8), ('Zea mays', 10.8), ('Setaria italica', 1.6)]	species-level reads support neither
SRR5804130	SRR5804132	PRJNA392566	PRJNA392571	Lactarius sp. orange rll-107	Lactifluus echinatus	same_higher_depth8	None	True	0.0	0.0	[('Malus domestica', 3.9), ('Heterobasidion irregulare', 1.6), ('Novosphingobium rosa', 1.3)]	species-level reads support neither
SRR2891257	SRR6680825	PRJNA300644	PRJNA433223	Saccharum barberi	Saccharum hybrid cultivar	same_genus	None	False	0.0	0.0	[('Sorghum bicolor', 59.9), ('Zea mays', 10.6), ('Setaria italica', 1.6)]	species-level reads support neither
SRR2891278	SRR6680859	PRJNA300644	PRJNA433223	Saccharum officinarum	Saccharum hybrid cultivar	same_genus	None	False	0.0	0.0001	[('Sorghum bicolor', 59.4), ('Zea mays', 10.7), ('Setaria italica', 1.6)]	species-level reads support neither
SRR1275087	SRR2984329	PRJNA246441	PRJNA302243	Hippocampus kelloggi	Hippocampus erectus	same_genus	None	True	0.0	0.3494	[('Hippocampus erectus', 34.9), ('Larimichthys crocea', 1.6), ('Stegastes partitus', 1.5)]	species-level reads support B only
SRR2899232	SRR6680918	PRJNA300644	PRJNA433223	Saccharum spontaneum	Saccharum hybrid cultivar	same_genus	None	False	0.0	0.0001	[('Sorghum bicolor', 58.2), ('Zea mays', 10.7), ('Setaria italica', 1.6)]	species-level reads support neither
SRR4198782	SRR4242096	PRJNA342241	PRJNA342756	Rinodina archaea	Steroidobacter	disjoint	None	True	0.0	None	[('Homo sapiens', 8.2), ('Abiotrophia defectiva', 1.3), ('Candidatus Saccharibacteria oral taxon TM7x', 0.6)]	species-level reads support neither
SRR000204	SRR627585	PRJNA12857	PRJNA74629	Sterkiella histriomuscorum	Oxytricha trifallax	same_higher_depth9	CONFIRMED	True	0.0	0.0	[('Hoeflea sp. 108', 15.8), ('Variovorax paradoxus', 1.7)]	species-level reads support neither
SRR6797958	SRR6800202	PRJNA436448	PRJNA436188	Homo sapiens	Mus musculus	same_higher_depth9	None	True	0.3773	0.0	[('Homo sapiens', 37.7)]	species-level reads support A only
SRR000200	SRR627572	PRJNA12857	PRJNA74629	Sterkiella histriomuscorum	Oxytricha trifallax	same_higher_depth9	None	True	0.0	0.0	[('Hoeflea sp. 108', 22.2), ('Cupriavidus basilensis', 5.2)]	species-level reads support neither
SRR6797951	SRR6800242	PRJNA436448	PRJNA436188	Homo sapiens	Mus musculus	same_higher_depth9	None	True	0.0	0.0	[]	species-level reads support neither
SRR6797952	SRR6800239	PRJNA436448	PRJNA436188	Homo sapiens	Mus musculus	same_higher_depth9	None	True	0.0	0.0	[]	species-level reads support neither
SRR3172017	SRR5216362	PRJNA312233	PRJNA290648	Aphanizomenon flos-aquae UKL13-PB	Hyphomonadaceae bacterium UKL13-1	same_higher_depth1	None	False	0.0223	0.0	[('Flavobacterium aquatile', 9.9), ('Dolichospermum circinale', 9.0), ('Anabaena sp. 90', 4.5)]	species-level reads support A only
SRR6797959	SRR6800201	PRJNA436448	PRJNA436188	Homo sapiens	Mus musculus	same_higher_depth9	None	True	0.0	0.0	[]	species-level reads support neither
SRR6798030	SRR7148456	PRJNA436448	PRJNA470955	Homo sapiens	Arabidopsis thaliana	same_higher_depth1	None	None	None	None	None	untestable (no species-level claim on either side)
SRR6797950	SRR6800241	PRJNA436448	PRJNA436188	Homo sapiens	Mus musculus	same_higher_depth9	no_fingerprint	None	0.0	0.0	[]	species-level reads support neither
SRR063729	SRR063733	PRJNA51081	PRJNA49437	Finegoldia magna SY403409CC001050417	Peptoniphilus sp. oral taxon 836 str. F0141	same_higher_depth6	CONFIRMED	True	0.2959	0.1403	[('Finegoldia magna', 29.6), ('Streptococcus mitis', 16.0), ('Peptoniphilus sp. oral taxon 836', 14.0)]	species-level reads support both (mixture)
SRR063729	SRR063735	PRJNA51081	PRJNA49439	Finegoldia magna SY403409CC001050417	Streptococcus mitis bv. 2 str. F0392	same_higher_depth3	CONFIRMED	True	0.2959	0.1596	[('Finegoldia magna', 29.6), ('Streptococcus mitis', 16.0), ('Peptoniphilus sp. oral taxon 836', 14.0)]	species-level reads support both (mixture)
SRR063733	SRR063735	PRJNA49437	PRJNA49439	Peptoniphilus sp. oral taxon 836 str. F0141	Streptococcus mitis bv. 2 str. F0392	same_higher_depth3	CONFIRMED	True	0.1403	0.1596	[('Finegoldia magna', 29.6), ('Streptococcus mitis', 16.0), ('Peptoniphilus sp. oral taxon 836', 14.0)]	species-level reads support both (mixture)
SRR6067111	SRR6151282	PRJNA408223	PRJNA413737	Actinidia arguta	Actinidia chinensis	same_genus	None	False	0.0	0.0	[('Camellia sinensis', 6.0), ('Actinomadura cremea', 3.4), ('Diospyros lotus', 1.8)]	species-level reads support neither
SRR3490901	SRR4051790	PRJNA321068	PRJNA339810	Primates	Anopheles sinensis	same_higher_depth2	None	False	None	0.0	[('Anopheles gambiae', 68.0), ('Culex quinquefasciatus', 0.5), ('Elizabethkingia meningoseptica', 0.1)]	species-level reads support neither
SRR6797979	SRR7148533	PRJNA436448	PRJNA470955	Homo sapiens	Arabidopsis thaliana	same_higher_depth1	None	None	None	None	None	untestable (no species-level claim on either side)
SRR6797985	SRR7148534	PRJNA436448	PRJNA470955	Homo sapiens	Arabidopsis thaliana	same_higher_depth1	None	None	None	None	None	untestable (no species-level claim on either side)
SRR6798025	SRR7148490	PRJNA436448	PRJNA470955	Homo sapiens	Arabidopsis thaliana	same_higher_depth1	None	None	None	None	None	untestable (no species-level claim on either side)
SRR6797956	SRR7148472	PRJNA436448	PRJNA470955	Homo sapiens	Arabidopsis thaliana	same_higher_depth1	None	False	0.0	1.0	[('Arabidopsis thaliana', 100.0)]	species-level reads support B only
SRR6798024	SRR7148495	PRJNA436448	PRJNA470955	Homo sapiens	Arabidopsis thaliana	same_higher_depth1	None	False	0.0	1.0	[('Arabidopsis thaliana', 100.0)]	species-level reads support B only
SRR6798031	SRR7148455	PRJNA436448	PRJNA470955	Homo sapiens	Arabidopsis thaliana	same_higher_depth1	None	None	None	None	None	untestable (no species-level claim on either side)
SRR6797978	SRR7148536	PRJNA436448	PRJNA470955	Homo sapiens	Arabidopsis thaliana	same_higher_depth1	None	None	None	None	None	untestable (no species-level claim on either side)
SRR060132	SRR060133	PRJNA49443	PRJNA49619	Ligilactobacillus salivarius ACS-116-V-Col5a	Lactobacillus delbrueckii subsp. bulgaricus PB2003/044-T3-4	same_higher_depth6	CONFIRMED	True	0.0	0.5668	[('Lactobacillus delbrueckii', 56.7), ('Lactobacillus salivarius', 21.0), ('Veillonella parvula', 6.7)]	species-level reads support B only
SRR3342185	SRR4003490	PRJNA317585	PRJNA337915	Acinetobacter baumannii	Staphylococcus aureus	same_higher_depth1	None	True	0.0	0.9469	[('Staphylococcus aureus', 94.7), ('Staphylococcus epidermidis', 0.0), ('Paenibacillus mucilaginosus', 0.0)]	species-level reads support B only
SRR3342184	SRR4003489	PRJNA317585	PRJNA337915	Acinetobacter baumannii	Staphylococcus aureus	same_higher_depth1	None	True	0.0	0.9437	[('Staphylococcus aureus', 94.4), ('Staphylococcus haemolyticus', 0.0), ('Staphylococcus lugdunensis', 0.0)]	species-level reads support B only
SRR6797997	SRR6800248	PRJNA436448	PRJNA436188	Homo sapiens	Mus musculus	same_higher_depth9	CONFIRMED	True	0.0	0.0	[]	species-level reads support neither
SRR6797962	SRR6800224	PRJNA436448	PRJNA436188	Homo sapiens	Mus musculus	same_higher_depth9	None	True	0.0	0.0	[]	species-level reads support neither
SRR6797984	SRR7148553	PRJNA436448	PRJNA470955	Homo sapiens	Arabidopsis thaliana	same_higher_depth1	None	None	None	None	None	untestable (no species-level claim on either side)
ERR595958	ERR993531	PRJEB7053	PRJEB10590	Bacteria aborigena	Bacteria ambigua	same_genus	None	True	0.0	0.0	[('Streptococcus thermophilus', 1.0), ('Ruminococcus sp. HUN007', 0.2), ('Collinsella sp. MS5', 0.1)]	species-level reads support neither
SRR6797953	SRR6800221	PRJNA436448	PRJNA436188	Homo sapiens	Mus musculus	same_higher_depth9	None	True	0.6832	0.0	[('Homo sapiens', 68.3)]	species-level reads support A only
ERR1193897	ERR553358	PRJEB11460	PRJEB6273	Mycobacterium tuberculosis	Mycobacterium tuberculosis complex sp.	same_genus	None	False	0.0668	None	[('Mycobacterium tuberculosis', 6.7), ('Mycobacterium canettii', 0.2), ('Mycobacterium bovis', 0.0)]	species-level reads support A only
SRR6797980	SRR7148530	PRJNA436448	PRJNA470955	Homo sapiens	Arabidopsis thaliana	same_higher_depth1	None	False	0.0	0.9999	[('Arabidopsis thaliana', 100.0), ('Serinus canaria', 0.0)]	species-level reads support B only
SRR3345866	SRR4003491	PRJNA317585	PRJNA337915	Acinetobacter baumannii	Staphylococcus aureus	same_higher_depth1	CONFIRMED	False	0.0	0.0229	[('Staphylococcus aureus', 2.3), ('Staphylococcus argenteus', 0.0), ('Staphylococcus schweitzeri', 0.0)]	species-level reads support B only
SRR6798028	SRR7148493	PRJNA436448	PRJNA470955	Homo sapiens	Arabidopsis thaliana	same_higher_depth1	None	None	None	None	None	untestable (no species-level claim on either side)
SRR6798027	SRR7148492	PRJNA436448	PRJNA470955	Homo sapiens	Arabidopsis thaliana	same_higher_depth1	None	None	None	None	None	untestable (no species-level claim on either side)
SRR2500938	SRR2731946	PRJNA295128	PRJNA298670	Dendrobium densiflorum	Eulophia picta	same_higher_depth11	None	True	0.0	0.0	[('Gossypium hirsutum', 1.6), ('Enterobacter asburiae', 0.9), ('Jatropha curcas', 0.9)]	species-level reads support neither
SRR6798029	SRR7148453	PRJNA436448	PRJNA470955	Homo sapiens	Arabidopsis thaliana	same_higher_depth1	None	None	None	None	None	untestable (no species-level claim on either side)
SRR6050230	SRR6128817	PRJNA381824	PRJNA412964	Chryseolinea	Luedemannella	same_higher_depth1	None	True	None	None	[('Nitrososphaera viennensis', 0.4), ('Filifactor alocis', 0.2), ('Dialister pneumosintes', 0.1)]	untestable (no species-level claim on either side)
SRR6798026	SRR7148491	PRJNA436448	PRJNA470955	Homo sapiens	Arabidopsis thaliana	same_higher_depth1	None	None	None	None	None	untestable (no species-level claim on either side)
ERR1193853	ERR553306	PRJEB11460	PRJEB9545	Mycobacterium tuberculosis	Mycobacterium tuberculosis complex sp.	same_genus	None	True	0.0704	None	[('Mycobacterium tuberculosis', 7.0), ('Mycobacterium canettii', 0.3), ('Stenotrophomonas maltophilia', 0.0)]	species-level reads support A only
SRR7042850	SRR7160369	PRJNA451048	PRJNA470899	Mus musculus	Arabidopsis thaliana	same_higher_depth1	None	None	None	None	None	untestable (no species-level claim on either side)
SRR6798023	SRR7148494	PRJNA436448	PRJNA470955	Homo sapiens	Arabidopsis thaliana	same_higher_depth1	None	False	None	None	None	untestable (no species-level claim on either side)
SRR6798032	SRR7148489	PRJNA436448	PRJNA470955	Homo sapiens	Arabidopsis thaliana	same_higher_depth1	None	False	0.0	0.0	[]	species-level reads support neither
ERR595978	ERR993548	PRJEB7053	PRJEB10590	Bacteria aborigena	Bacteria ambigua	same_genus	None	True	0.0	0.0	[('Collinsella sp. MS5', 0.2), ('Ruminococcus sp. HUN007', 0.1), ('Slackia piriformis', 0.1)]	species-level reads support neither
SRR6797981	SRR7148535	PRJNA436448	PRJNA470955	Homo sapiens	Arabidopsis thaliana	same_higher_depth1	None	None	None	None	None	untestable (no species-level claim on either side)
SRR6797957	SRR7148467	PRJNA436448	PRJNA470955	Homo sapiens	Arabidopsis thaliana	same_higher_depth1	None	True	0.0	0.0	[]	species-level reads support neither
SRR6797955	SRR7148471	PRJNA436448	PRJNA470955	Homo sapiens	Arabidopsis thaliana	same_higher_depth1	None	None	None	None	None	untestable (no species-level claim on either side)
ERR1745351	ERR2027647	PRJEB18457	PRJEB21687	uncultured bacterium	uncultured archaeon	same_genus	None	False	None	None	[('Brevundimonas abyssalis', 2.0), ('Sulfuricurvum kujiense', 0.4), ('Clostridium butyricum', 0.4)]	untestable (no species-level claim on either side)
SRR6797983	SRR7148515	PRJNA436448	PRJNA470955	Homo sapiens	Arabidopsis thaliana	same_higher_depth1	None	False	0.0	0.0	[]	species-level reads support neither
SRR000201	SRR627592	PRJNA12857	PRJNA74629	Sterkiella histriomuscorum	Oxytricha trifallax	same_higher_depth9	CONFIRMED	True	0.0	0.0	[('Hoeflea sp. 108', 13.2), ('Cupriavidus basilensis', 4.4), ('Runella limosa', 3.7)]	species-level reads support neither
SRR6797982	SRR7148518	PRJNA436448	PRJNA470955	Homo sapiens	Arabidopsis thaliana	same_higher_depth1	None	False	0.0	0.0	[]	species-level reads support neither
ERR1193849	ERR551685	PRJEB11460	PRJEB9545	Mycobacterium tuberculosis	Mycobacterium tuberculosis complex sp.	same_genus	None	True	0.0735	None	[('Mycobacterium tuberculosis', 7.4), ('Mycobacterium canettii', 0.3), ('Mycobacterium abscessus', 0.0)]	species-level reads support A only
SRR1790446	SRR3539312	PRJNA268581	PRJNA318866	Mesorhizobium hungaricum	Enteractinococcus helveticum	same_higher_depth1	None	True	0.0	0.0	[('Mesorhizobium sp. UASWS1009', 70.3), ('Bradyrhizobium sp. UASWS1016', 0.1), ('Staphylococcus aureus', 0.0)]	species-level reads support neither
SRR6050236	SRR6128812	PRJNA381824	PRJNA412964	Nocardioides	Candidatus Entotheonella	same_higher_depth1	CONFIRMED	True	None	None	[('Nitrososphaera viennensis', 0.3), ('Coriobacteriales bacterium DNF00809', 0.1), ('Dialister pneumosintes', 0.0)]	untestable (no species-level claim on either side)
SRR6797988	SRR7148529	PRJNA436448	PRJNA470955	Homo sapiens	Arabidopsis thaliana	same_higher_depth1	None	False	0.0	0.0	[('Merops nubicus', 25.6), ('Serinus canaria', 16.3)]	species-level reads support neither
SRR6050235	SRR6128813	PRJNA381824	PRJNA412964	Flavobacterium	Rubrobacter	same_higher_depth1	None	True	None	None	[('Nitrososphaera viennensis', 0.3), ('Filifactor alocis', 0.1), ('Coriobacteriales bacterium DNF00809', 0.0)]	untestable (no species-level claim on either side)
SRR3726401	SRR3923521	PRJNA324120	PRJNA328794	Salmonella enterica	Escherichia coli	same_higher_depth6	None	True	0.0004	0.1198	[('Escherichia coli', 12.0), ('Salmonella enterica', 0.0), ('Escherichia albertii', 0.0)]	species-level reads support B only
SRR3726401	SRR4061908	PRJNA324120	PRJNA330858	Salmonella enterica	Escherichia coli	same_higher_depth6	None	False	0.0004	0.1198	[('Escherichia coli', 12.0), ('Salmonella enterica', 0.0), ('Escherichia albertii', 0.0)]	species-level reads support B only
SRR6797954	SRR6800222	PRJNA436448	PRJNA436188	Homo sapiens	Mus musculus	same_higher_depth9	None	True	0.0	0.0	[]	species-level reads support neither
ERR1193887	ERR2200038	PRJEB11460	PRJEB9680	Mycobacterium tuberculosis	Mycobacterium tuberculosis complex sp.	same_genus	None	False	0.069	None	[('Mycobacterium tuberculosis', 6.9), ('Mycobacterium canettii', 0.3), ('Mycobacterium bovis', 0.0)]	species-level reads support A only
ERR1193878	ERR550634	PRJEB11460	PRJEB7727	Mycobacterium tuberculosis	Mycobacterium tuberculosis complex sp.	same_genus	None	True	0.0694	None	[('Mycobacterium tuberculosis', 6.9), ('Mycobacterium canettii', 0.2), ('Mycobacterium bovis', 0.0)]	species-level reads support A only
ERR1193886	ERR2199937	PRJEB11460	PRJEB9680	Mycobacterium tuberculosis	Mycobacterium tuberculosis complex sp.	same_genus	None	False	0.0674	None	[('Mycobacterium tuberculosis', 6.7), ('Mycobacterium canettii', 0.3), ('Mycobacterium bovis', 0.0)]	species-level reads support A only
ERR1193885	ERR2199929	PRJEB11460	PRJEB9680	Mycobacterium tuberculosis	Mycobacterium tuberculosis complex sp.	same_genus	None	False	0.0683	None	[('Mycobacterium tuberculosis', 6.8), ('Mycobacterium canettii', 0.2), ('Mycobacterium bovis', 0.0)]	species-level reads support A only
SRR7042855	SRR7160372	PRJNA451048	PRJNA470899	Mus musculus	Arabidopsis thaliana	same_higher_depth1	CONFIRMED	None	None	None	None	untestable (no species-level claim on either side)
ERR1193888	ERR552789	PRJEB11460	PRJEB6273	Mycobacterium tuberculosis	Mycobacterium tuberculosis complex sp.	same_genus	None	False	0.0781	None	[('Mycobacterium tuberculosis', 7.8), ('Mycobacterium canettii', 0.3), ('Mycobacterium bovis', 0.0)]	species-level reads support A only
ERR1193868	ERR553228	PRJEB11460	PRJEB7727	Mycobacterium tuberculosis	Mycobacterium tuberculosis complex sp.	same_genus	None	True	0.0709	None	[('Mycobacterium tuberculosis', 7.1), ('Mycobacterium canettii', 0.2), ('Mycobacterium bovis', 0.0)]	species-level reads support A only
SRR6797987	SRR7148532	PRJNA436448	PRJNA470955	Homo sapiens	Arabidopsis thaliana	same_higher_depth1	None	False	0.0	0.0	[('Serinus canaria', 100.0)]	species-level reads support neither
SRR6050231	SRR6128809	PRJNA381824	PRJNA412964	Lysobacter	Blastococcus	same_higher_depth1	None	True	None	None	[('Fulvivirga imtechensis', 0.1), ('Scytonema tolypothrichoides', 0.1), ('Haliangium ochraceum', 0.0)]	untestable (no species-level claim on either side)
ERR1193904	ERR552779	PRJEB11460	PRJEB6273	Mycobacterium tuberculosis	Mycobacterium tuberculosis complex sp.	same_genus	None	False	0.0714	None	[('Mycobacterium tuberculosis', 7.1), ('Mycobacterium canettii', 0.3), ('Mycobacterium bovis', 0.0)]	species-level reads support A only
SRR6050238	SRR6128814	PRJNA381824	PRJNA412964	Luteibacter	Haliangium	same_higher_depth2	None	True	None	None	[('Nitrososphaera viennensis', 0.3), ('Dialister pneumosintes', 0.1), ('Coriobacteriales bacterium DNF00809', 0.0)]	untestable (no species-level claim on either side)
SRR6797990	SRR6800247	PRJNA436448	PRJNA436188	Homo sapiens	Mus musculus	same_higher_depth9	None	True	0.0	0.0	[]	species-level reads support neither
SRR6050234	SRR6128810	PRJNA381824	PRJNA412964	Bryobacter	Gaiella	same_higher_depth1	None	True	None	None	[('Filifactor alocis', 0.2), ('Atopobium sp. oral taxon 199', 0.1), ('Fulvivirga imtechensis', 0.0)]	untestable (no species-level claim on either side)
SRR6050232	SRR6128808	PRJNA381824	PRJNA412964	Blastocatella	Arthrobacter	same_higher_depth1	None	True	None	None	[('Nitrososphaera viennensis', 0.5), ('Chondromyces crocatus', 0.0), ('Coriobacteriales bacterium DNF00809', 0.0)]	untestable (no species-level claim on either side)
ERR1193891	ERR2199989	PRJEB11460	PRJEB9680	Mycobacterium tuberculosis	Mycobacterium tuberculosis complex sp.	same_genus	None	False	0.0703	None	[('Mycobacterium tuberculosis', 7.0), ('Mycobacterium canettii', 0.2), ('Mycobacterium bovis', 0.0)]	species-level reads support A only
SRR6050233	SRR6128811	PRJNA381824	PRJNA412964	Microvirga	Sphingomonas	same_higher_depth4	None	True	None	None	[('Filifactor alocis', 0.3), ('Fulvivirga imtechensis', 0.1), ('Nitrososphaera viennensis', 0.0)]	untestable (no species-level claim on either side)
SRR6050237	SRR6128815	PRJNA381824	PRJNA412964	Polycyclovorans	Solirubrobacter	same_higher_depth1	None	True	None	None	[('Nitrososphaera viennensis', 0.2), ('Coriobacteriales bacterium DNF00809', 0.0), ('Haliangium ochraceum', 0.0)]	untestable (no species-level claim on either side)
ERR1193870	ERR553024	PRJEB11460	PRJEB7727	Mycobacterium tuberculosis	Mycobacterium tuberculosis complex sp.	same_genus	None	True	0.07	None	[('Mycobacterium tuberculosis', 7.0), ('Mycobacterium canettii', 0.2), ('Mycobacterium bovis', 0.0)]	species-level reads support A only
SRR6800251	SRR7146022	PRJNA436188	PRJNA470898	Mus musculus	Brassica napus	same_higher_depth1	None	False	0.0	0.0	[]	species-level reads support neither
SRR7042856	SRR7160371	PRJNA451048	PRJNA470899	Mus musculus	Arabidopsis thaliana	same_higher_depth1	None	None	None	None	None	untestable (no species-level claim on either side)
ERR1193846	ERR551502	PRJEB11460	PRJEB9545	Mycobacterium tuberculosis	Mycobacterium tuberculosis complex sp.	same_genus	CONFIRMED	True	0.0655	None	[('Mycobacterium tuberculosis', 6.5), ('Mycobacterium canettii', 0.2), ('Mycobacterium bovis', 0.0)]	species-level reads support A only
ERR1193890	ERR2200117	PRJEB11460	PRJEB9680	Mycobacterium tuberculosis	Mycobacterium tuberculosis complex sp.	same_genus	None	False	0.0678	None	[('Mycobacterium tuberculosis', 6.8), ('Mycobacterium canettii', 0.3), ('Mycobacterium bovis', 0.0)]	species-level reads support A only
SRR6800255	SRR7146042	PRJNA436188	PRJNA470898	Mus musculus	Brassica napus	same_higher_depth1	None	False	0.0	0.0	[]	species-level reads support neither
ERR1745348	ERR2027641	PRJEB18457	PRJEB21687	uncultured bacterium	uncultured archaeon	same_genus	None	False	None	None	[('Methanothrix soehngenii', 37.1), ('Sulfuricurvum kujiense', 0.6), ('Desulfarculus baarsii', 0.0)]	untestable (no species-level claim on either side)
SRR6800256	SRR7146041	PRJNA436188	PRJNA470898	Mus musculus	Brassica napus	same_higher_depth1	None	False	0.0	0.0	[]	species-level reads support neither
SRR6798011	SRR7004097	PRJNA436448	PRJNA436750	Homo sapiens	Mus musculus	same_higher_depth9	None	False	0.568	0.0	[('Homo sapiens', 56.8)]	species-level reads support A only
SRR6800137	SRR7146030	PRJNA436188	PRJNA470898	Mus musculus	Brassica napus	same_higher_depth1	None	False	0.0	0.0	[]	species-level reads support neither
ERR1193847	ERR551820	PRJEB11460	PRJEB9545	Mycobacterium tuberculosis	Mycobacterium tuberculosis complex sp.	same_genus	None	False	0.0669	None	[('Mycobacterium tuberculosis', 6.7), ('Mycobacterium canettii', 0.3), ('Stenotrophomonas maltophilia', 0.0)]	species-level reads support A only
ERR1193862	ERR552003	PRJEB11460	PRJEB6273	Mycobacterium tuberculosis	Mycobacterium tuberculosis complex sp.	same_genus	None	False	0.0775	None	[('Mycobacterium tuberculosis', 7.7), ('Mycobacterium canettii', 0.2), ('Mycobacterium bovis', 0.0)]	species-level reads support A only
ERR2120298	SRR7069110	PRJEB22358	PRJNA302362	Mycobacterium tuberculosis complex sp.	Mycobacterium tuberculosis	same_genus	None	False	None	0.028	[('Mycobacterium tuberculosis', 2.8), ('Mycobacterium canettii', 0.1), ('Mycobacterium gordonae', 0.0)]	species-level reads support B only
SRR6800138	SRR7146029	PRJNA436188	PRJNA470898	Mus musculus	Brassica napus	same_higher_depth1	None	False	0.0	0.0	[]	species-level reads support neither
SRR6797991	SRR6800259	PRJNA436448	PRJNA436188	Homo sapiens	Mus musculus	same_higher_depth9	None	True	0.6759	0.0	[('Homo sapiens', 67.6)]	species-level reads support A only
SRR1021212	SRR1031053	?	?	E.coli	Listeria	extra	None	True	0.0978	0.0	[('Escherichia coli', 9.8), ('Salmonella enterica', 0.2), ('Shigella dysenteriae', 0.0)]	species-level reads support A only
SRR070588	SRR071318	?	?	S.lugdunensis	S.epidermidis	extra	None	True	0.0	0.0	[('Staphylococcus lugdunensis', 98.2), ('Staphylococcus aureus', 0.1), ('Prevotella disiens', 0.0)]	species-level reads support neither
ERR016531	ERR024102	?	?	wheat	potato	extra	None	False	0.0	None	[('Solanum tuberosum', 45.7), ('Aegilops tauschii', 34.9), ('Klebsiella pneumoniae', 0.0)]	species-level reads support neither
